"['Month', 'Mois']","['Copper, $/t', 'Cuivre, $/t']","['Tin, $/t', 'Étain, $/t']","['Zinc, $/t', 'Zinc, $/t']","['Gold, $/toz', 'Or, $/once']","['Brent, $/bbl', 'Brent, $/baril']","['Cocoa, $/kg', 'Cacao, $/kg']","['Coffee arabica, $/kg', 'Café arabica, $/kg']","['Coffee robusta, $/kg', 'Café robusta, $/kg']","['Palm oil, $/t', 'Huile de palme, $/t']","['Rubber TSR20, $/kg', 'Caoutchouc TSR20, $/kg']","['Logs Africa, $/cum', 'Grumes Afrique, $/m3']","['Precious metals, 2010=100', 'Métaux précieux, 2010=100']"
"1960-01",715.4,2180.4,260.8,35.27,1.63,0.634,0.9409,0.6969,233.0,None,None,3.2687
"1960-02",728.19,2180.4,244.9,35.27,1.63,0.608,0.9469,0.6887,229.0,None,None,3.2687
"1960-03",684.94,2173.8,248.7,35.27,1.63,0.5789,0.9281,0.6887,225.0,None,None,3.2687
"1960-04",723.11,2178.2,254.6,35.27,1.63,0.5983,0.9303,0.6845,225.0,None,None,3.2687
"1960-05",684.75,2162.7,253.8,35.27,1.63,0.6001,0.92,0.6907,225.0,None,None,3.2687
"1960-06",691.59,2184.8,249.8,35.27,1.63,0.5944,0.9123,0.6969,219.0,None,None,3.2687
"1960-07",702.39,2248.7,248.7,35.27,1.63,0.6045,0.916,0.6907,221.0,None,None,3.2687
"1960-08",675.94,2204.6,241.0,35.27,1.63,0.5882,0.9292,0.6988,225.0,None,None,3.2687
"1960-09",647.06,2226.7,240.1,35.27,1.63,0.5827,0.9226,0.7028,224.0,None,None,3.2687
"1960-10",612.66,2226.7,242.3,35.27,1.63,0.5858,0.9237,0.7068,222.0,None,None,3.2687
"1960-11",642.13,2204.6,241.4,35.27,1.63,0.5695,0.9116,0.709,222.0,None,None,3.2687
"1960-12",636.91,2189.2,228.2,35.27,1.63,0.5238,0.9006,0.6969,223.0,None,None,3.2687
"1961-01",606.71,2162.7,218.0,35.25,1.57,0.485,0.9145,0.6766,223.0,None,None,3.2675
"1961-02",616.63,2187.0,228.2,35.25,1.57,0.4881,0.9167,0.6766,228.0,None,None,3.2675
"1961-03",621.26,2248.7,233.2,35.25,1.57,0.4581,0.9105,0.6684,231.0,None,None,3.2675
"1961-04",631.84,2308.2,231.3,35.25,1.57,0.4354,0.9017,0.6645,233.0,None,None,3.2675
"1961-05",668.44,2376.6,227.1,35.25,1.57,0.4848,0.8929,0.6623,234.0,None,None,3.2675
"1961-06",652.12,2467.0,217.8,35.25,1.57,0.4907,0.8891,0.6664,233.0,None,None,3.2675
"1961-07",633.39,2519.9,214.7,35.25,1.57,0.4753,0.8929,0.6684,229.0,None,None,3.2675
"1961-08",636.47,2605.9,210.8,35.25,1.57,0.4795,0.8935,0.6684,226.0,None,None,3.2675
"1961-09",632.72,2630.1,203.7,35.25,1.57,0.465,0.8891,0.6724,226.0,None,None,3.2675
"1961-10",630.3,2605.9,198.2,35.25,1.57,0.4603,0.8852,0.6724,226.0,None,None,3.2675
"1961-11",632.28,2667.6,191.8,35.25,1.57,0.4808,0.883,0.6704,226.0,None,None,3.2763
"1961-12",634.85,2619.1,196.9,35.25,1.57,0.5397,0.8774,0.6664,226.0,None,None,3.3797
"1962-01",635.37,2610.3,193.6,35.23,1.52,0.4588,0.8774,0.6684,235.89,None,None,3.3875
"1962-02",647.94,2623.5,189.6,35.23,1.52,0.4945,0.877,0.6684,237.0,None,None,3.3705
"1962-03",647.5,2652.2,191.4,35.23,1.52,0.4414,0.8609,0.6704,223.22,None,None,3.3614
"1962-04",645.95,2614.7,191.4,35.23,1.52,0.4647,0.8466,0.6744,220.46,None,None,3.3614
"1962-05",645.73,2533.1,188.5,35.23,1.52,0.4654,0.8256,0.6724,219.08,None,None,3.3614
"1962-06",645.51,2414.1,184.7,35.23,1.52,0.4729,0.8047,0.6724,216.33,None,None,3.3686
"1962-07",645.51,2376.6,182.1,35.23,1.52,0.461,0.8131,0.6766,212.75,None,None,3.3806
"1962-08",645.51,2350.1,178.1,35.23,1.52,0.4588,0.819,0.6845,209.16,None,None,3.4252
"1962-09",645.51,2350.1,176.6,35.23,1.52,0.45,0.8256,0.6947,205.3,None,None,3.4925
"1962-10",645.95,2358.9,181.9,35.23,1.52,0.4365,0.8109,0.6947,196.76,None,None,3.5408
"1962-11",645.51,2407.4,188.5,35.23,1.52,0.4383,0.8124,0.6927,208.06,None,None,3.5273
"1962-12",645.73,2365.6,184.7,35.23,1.52,0.4533,0.8179,0.7169,210.82,None,None,3.5339
"1963-01",645.51,2350.1,186.3,35.09,1.5,0.4991,0.8267,0.6521,217.71,None,None,3.5674
"1963-02",645.51,2350.1,191.6,35.09,1.5,0.5439,0.8031,0.6138,217.71,None,None,3.5792
"1963-03",645.51,2358.9,197.5,35.09,1.5,0.5318,0.8109,0.6157,217.71,None,None,3.5933
"1963-04",645.73,2427.3,204.4,35.09,1.5,0.5631,0.808,0.6157,217.71,None,None,3.5845
"1963-05",645.51,2495.6,209.4,35.09,1.5,0.6076,0.797,0.6118,217.71,None,None,3.59
"1963-06",645.73,2500.0,209.2,35.09,1.5,0.5622,0.7992,0.6118,219.91,None,None,3.5882
"1963-07",645.51,2482.4,204.8,35.09,1.5,0.5249,0.8064,0.6157,221.84,None,None,3.6005
"1963-08",645.51,2495.6,210.3,35.09,1.5,0.521,0.8047,0.6118,224.6,None,None,3.5995
"1963-09",645.51,2572.8,211.2,35.09,1.5,0.5509,0.802,0.6239,224.6,None,None,3.6076
"1963-10",645.51,2590.4,220.9,35.09,1.5,0.5807,0.8042,0.6259,227.35,None,None,3.6075
"1963-11",645.73,2687.4,231.5,35.09,1.5,0.5706,0.8069,0.6318,230.11,None,None,3.6125
"1963-12",650.14,2782.2,261.0,35.09,1.5,0.5723,0.7998,0.6521,231.76,None,None,3.6136
"1964-01",655.65,2872.6,264.1,35.1,1.45,0.5549,0.9259,0.7008,232.86,None,None,3.624
"1964-02",693.79,3060.0,270.5,35.1,1.45,0.5077,0.9414,0.7211,232.59,None,None,3.6244
"1964-03",745.16,2958.6,277.1,35.1,1.45,0.5084,1.0351,0.7798,232.86,None,None,3.6244
"1964-04",861.56,2879.2,298.7,35.1,1.45,0.4784,1.0042,0.8161,232.86,None,None,3.6244
"1964-05",828.28,2910.1,343.0,35.1,1.45,0.4766,1.0203,0.8285,232.86,None,None,3.6244
"1964-06",808.43,3265.0,357.1,35.1,1.45,0.4954,1.0053,0.8466,233.96,None,None,3.6244
"1964-07",854.95,3452.4,385.1,35.1,1.45,0.5077,1.0214,0.8183,235.34,None,None,3.6244
"1964-08",999.33,3512.0,345.2,35.1,1.45,0.4985,1.049,0.8183,235.62,None,None,3.6244
"1964-09",1162.05,3933.0,355.1,35.1,1.45,0.5104,1.0373,0.7899,237.55,None,None,3.6244
"1964-10",1358.27,4371.8,334.4,35.1,1.45,0.509,1.0379,0.7738,250.77,None,None,3.6244
"1964-11",1400.37,4105.0,344.6,35.1,1.45,0.5201,1.034,0.7879,254.91,None,None,3.6244
"1964-12",1269.2,3633.2,343.0,35.1,1.45,0.5018,1.0053,0.7637,261.25,None,None,3.6244
"1965-01",1000.68,3456.8,322.3,35.12,1.42,0.47,1.0119,0.6283,266.21,None,None,3.6349
"1965-02",1179.91,3390.7,320.3,35.12,1.42,0.4191,1.0384,0.6371,283.02,None,None,3.6461
"1965-03",1237.23,3584.7,315.9,35.12,1.42,0.353,0.9899,0.5798,292.11,None,None,3.6461
"1965-04",1348.34,3944.1,315.9,35.12,1.42,0.3457,0.9744,0.547,297.62,None,None,3.6461
"1965-05",1378.55,4215.2,323.4,35.12,1.42,0.3276,0.9612,0.4872,303.13,None,None,3.6461
"1965-06",1308.88,4131.5,314.4,35.12,1.42,0.2906,0.9811,0.6131,294.87,None,None,3.6461
"1965-07",1134.06,3966.1,310.4,35.12,1.42,0.259,0.9811,0.7163,279.99,None,None,3.6461
"1965-08",1209.9,4091.8,303.6,35.12,1.42,0.3258,1.0009,0.795,257.66,None,None,3.6461
"1965-09",1327.84,4208.6,299.6,35.12,1.42,0.3649,0.9987,0.7776,246.64,None,None,3.6461
"1965-10",1401.92,4010.2,307.8,35.12,1.42,0.3706,1.0097,0.8073,250.22,None,None,3.6461
"1965-11",1469.16,3820.6,298.7,35.12,1.42,0.3986,1.0251,0.7568,250.22,None,None,3.6461
"1965-12",1517.66,3869.1,302.7,35.12,1.42,0.4588,1.0318,0.7936,248.57,None,None,3.6461
"1966-01",1679.04,3926.4,302.7,35.13,1.36,0.4731,1.0119,0.8016,246.92,None,None,3.6467
"1966-02",1874.37,3877.9,299.8,35.13,1.36,0.4718,0.9722,0.7577,248.02,None,None,3.6467
"1966-03",1874.81,3772.1,300.7,35.13,1.36,0.4896,0.9546,0.7438,245.26,None,None,3.6491
"1966-04",1907.44,3763.3,278.7,35.13,1.36,0.5333,0.9546,0.7606,233.69,None,None,3.6498
"1966-05",1663.61,3688.3,270.0,35.13,1.36,0.513,0.9458,0.7652,225.7,None,None,3.6498
"1966-06",1695.79,3516.4,272.1,35.13,1.36,0.5267,0.9237,0.741,225.42,None,None,3.6498
"1966-07",1567.93,3514.2,264.6,35.13,1.36,0.5761,0.9171,0.7291,235.34,None,None,3.6498
"1966-08",1195.34,3428.2,264.6,35.13,1.36,0.573,0.9171,0.7189,239.75,None,None,3.6498
"1966-09",1128.32,3377.5,270.5,35.13,1.36,0.5022,0.8995,0.6995,239.75,None,None,3.6498
"1966-10",1275.37,3362.0,276.0,35.13,1.36,0.5084,0.8885,0.7171,230.93,None,None,3.6498
"1966-11",1301.61,3320.2,288.1,35.13,1.36,0.4952,0.8869,0.72,225.97,None,None,3.6498
"1966-12",1214.53,3335.6,285.5,35.13,1.36,0.5492,0.8728,0.7152,230.93,None,None,3.6498
"1967-01",1243.85,3302.5,279.5,34.95,1.33,0.5739,0.8501,0.7057,234.24,None,None,3.6443
"1967-02",1220.48,3309.1,282.2,34.95,1.33,0.6078,0.8441,0.7286,230.66,None,None,3.6597
"1967-03",1098.34,3318.0,279.3,34.95,1.33,0.5952,0.8228,0.7257,223.22,None,None,3.6597
"1967-04",994.72,3351.0,272.1,34.95,1.33,0.5754,0.8508,0.7471,223.22,None,None,3.6597
"1967-05",1036.17,3357.6,275.1,34.95,1.33,0.5688,0.8891,0.7703,223.77,None,None,3.6624
"1967-06",1015.22,3366.5,274.3,34.95,1.33,0.5792,0.9092,0.7824,229.28,None,None,3.6672
"1967-07",997.37,3362.0,267.2,34.95,1.33,0.5686,0.9026,0.7407,228.73,None,None,3.9414
"1967-08",1044.55,3291.5,268.7,34.95,1.33,0.5855,0.8761,0.7176,228.73,None,None,4.0888
"1967-09",1060.2,3267.2,264.6,34.95,1.33,0.6239,0.8607,0.724,225.15,None,None,4.0228
"1967-10",1138.47,3280.5,263.9,34.95,1.33,0.6078,0.8472,0.7295,221.56,None,None,4.1228
"1967-11",1443.81,3298.1,287.0,34.95,1.33,0.6442,0.8666,0.7478,217.98,None,None,4.2799
"1967-12",1324.09,3192.3,266.1,34.95,1.33,0.6471,0.8512,0.75,194.87,None,None,4.3895
"1968-01",1408.75,3126.2,262.8,35.5,1.32,0.6543,0.866,0.7597,191.33,None,None,4.3565
"1968-02",1719.82,3110.7,259.7,36.0,1.32,0.6321,0.8691,0.7566,191.33,None,None,4.2561
"1968-03",1701.08,3112.9,257.5,37.0,1.32,0.6235,0.8821,0.7548,191.33,None,None,4.6257
"1968-04",1255.09,3106.3,258.2,37.86,1.32,0.6288,0.886,0.7533,188.97,None,None,4.7013
"1968-05",1096.58,3084.3,261.5,40.7,1.32,0.6243,0.8816,0.7551,186.13,None,None,5.0451
"1968-06",1136.7,3084.3,262.1,41.14,1.32,0.6133,0.888,0.7566,174.79,None,None,5.1551
"1968-07",1054.25,3075.4,265.7,39.46,1.32,0.6257,0.8814,0.7498,172.43,None,None,4.9296
"1968-08",1056.45,3062.2,269.0,39.19,1.32,0.6526,0.8662,0.7476,150.23,None,None,4.8004
"1968-09",1110.03,3071.0,263.0,40.18,1.32,0.7747,0.8538,0.7493,141.73,None,None,4.8764
"1968-10",1079.82,3110.7,262.1,39.21,1.32,0.8305,0.8545,0.7401,141.73,None,None,4.5934
"1968-11",1099.88,3320.2,264.1,39.78,1.32,0.9661,0.8486,0.7233,143.14,None,None,4.6718
"1968-12",1184.98,3258.4,269.0,41.08,1.32,1.0247,0.8267,0.7094,152.83,None,None,4.6995
"1969-01",1255.53,3227.6,269.4,42.3,1.27,0.9378,0.8261,0.7066,158.26,None,None,4.7954
"1969-02",1285.29,3245.2,267.4,42.6,1.27,0.9105,0.8419,0.7081,158.26,None,None,4.6837
"1969-03",1278.46,3243.0,271.6,43.16,1.27,0.8984,0.8294,0.6872,179.52,None,None,4.7061
"1969-04",1388.03,3304.7,272.7,43.31,1.27,0.8759,0.8135,0.6589,170.07,None,None,4.6709
"1969-05",1392.44,3355.4,278.9,43.46,1.27,0.8089,0.8093,0.6497,166.29,None,None,4.6644
"1969-06",1483.04,3379.7,281.3,41.44,1.27,0.8929,0.795,0.6772,165.35,None,None,4.4275
"1969-07",1453.95,3439.2,283.7,41.76,1.27,0.9312,0.7776,0.6872,161.8,None,None,4.4223
"1969-08",1606.73,3470.1,293.9,41.09,1.27,0.9143,0.8126,0.7246,171.49,None,None,4.412
"1969-09",1578.95,3470.1,299.4,40.87,1.27,0.9008,0.9026,0.763,180.94,None,None,4.5229
"1969-10",1554.48,3534.0,298.9,40.44,1.27,0.9186,1.0401,0.845,203.14,None,None,4.5778
"1969-11",1631.42,3642.0,309.5,37.4,1.27,0.9321,1.0247,0.8208,203.14,None,None,4.4521
"1969-12",1699.76,3818.4,310.2,35.17,1.27,0.8512,1.0479,0.8285,255.11,None,None,4.2015
"1970-01",1626.3,3842.7,302.4,34.94,1.21,0.675,1.1369,0.862,255.34,None,42.99,4.252
"1970-02",1657.2,3767.7,298.0,34.99,1.21,0.675,1.1453,0.8474,256.29,None,42.99,4.2734
"1970-03",1754.0,3796.4,296.0,35.09,1.21,0.675,1.1711,0.8679,258.88,None,42.99,4.2728
"1970-04",1741.6,3849.3,293.4,35.62,1.21,0.675,1.2028,0.9129,267.62,None,42.99,4.2731
"1970-05",1597.9,3736.8,291.7,35.95,1.21,0.675,1.217,0.94,278.73,None,42.99,4.1222
"1970-06",1458.0,3542.8,293.2,35.42,1.21,0.675,1.2061,0.9299,277.07,None,42.99,4.0598
"1970-07",1366.6,3498.7,298.1,35.32,1.21,0.675,1.2121,0.9425,261.01,None,42.99,4.0978
"1970-08",1266.5,3620.0,298.1,35.38,1.21,0.675,1.1828,0.9447,240.22,None,42.99,4.206
"1970-09",1246.9,3646.4,300.0,36.19,1.21,0.675,1.1603,0.9387,226.29,None,42.99,4.2611
"1970-10",1142.4,3668.5,296.5,37.52,1.21,0.675,1.1197,0.9416,257.47,None,42.99,4.2931
"1970-11",1085.3,3615.6,293.2,37.44,1.21,0.675,1.0278,0.916,269.99,None,42.99,4.3018
"1970-12",1045.7,3496.5,289.2,37.44,1.21,0.675,0.9775,0.9191,271.64,None,42.99,4.1838
"1971-01",1010.0,3465.7,284.6,37.88,1.64,0.538,1.0031,0.9299,273.29,None,44.43,4.2091
"1971-02",1020.2,3463.5,272.1,38.74,1.64,0.538,0.9833,0.9297,273.29,None,44.43,4.2136
"1971-03",1144.1,3527.4,283.7,38.87,1.64,0.538,1.0143,0.9407,278.02,None,44.43,4.2864
"1971-04",1251.5,3562.7,283.5,39.01,1.64,0.538,0.9894,0.94,269.28,None,44.43,4.3488
"1971-05",1114.4,3520.8,287.7,40.52,1.64,0.538,1.0183,0.94,242.82,None,44.43,4.389
"1971-06",1074.2,3448.0,308.6,40.1,1.64,0.538,1.0022,0.9341,240.93,None,44.43,4.3073
"1971-07",1115.3,3456.8,317.6,40.95,1.74,0.538,0.9927,0.9283,263.37,None,44.43,4.3356
"1971-08",1097.9,3478.9,322.5,42.71,1.74,0.538,1.0051,0.9299,282.56,None,44.43,4.4529
"1971-09",1056.4,3525.2,311.2,42.03,1.74,0.538,0.9645,0.9244,272.24,None,44.43,4.2545
"1971-10",1041.2,3489.9,336.6,42.5,1.74,0.538,0.9431,0.9191,253.99,None,44.43,4.2039
"1971-11",1013.9,3534.0,344.4,42.86,1.74,0.538,0.9658,0.9255,247.82,None,44.43,4.2119
"1971-12",1037.9,3670.7,358.9,43.48,1.74,0.538,1.0207,0.9374,233.69,None,44.43,4.3204
"1972-01",1078.0,3626.6,379.8,45.75,1.77,0.644,0.9905,0.9297,218.34,None,52.48,4.5394
"1972-02",1112.4,3631.0,389.7,48.26,1.77,0.644,0.9996,0.9308,185.17,None,52.48,4.7274
"1972-03",1108.2,3789.7,397.4,48.33,1.77,0.644,1.0192,0.9495,216.68,None,52.48,4.7627
"1972-04",1133.0,3844.9,395.0,49.03,1.77,0.644,1.0115,0.9627,227.34,None,52.48,4.8406
"1972-05",1106.4,3765.5,386.2,54.62,1.77,0.644,1.0377,0.9647,227.51,None,52.48,5.206
"1972-06",1063.2,3741.2,371.0,62.09,1.77,0.644,1.0697,0.9625,216.13,None,52.48,5.6673
"1972-07",1034.6,3732.4,363.7,65.66,1.87,0.644,1.2361,1.0439,214.6,None,52.48,6.062
"1972-08",1046.7,3754.5,363.5,67.03,1.87,0.644,1.2009,1.0406,220.64,None,52.48,6.2618
"1972-09",1060.6,3803.0,368.4,65.46,1.87,0.644,1.1687,1.0346,224.87,None,52.48,6.0969
"1972-10",917.5,3758.9,363.7,64.86,1.87,0.644,1.1779,1.0368,224.02,None,52.48,6.0906
"1972-11",1007.1,3701.6,378.9,62.91,1.87,0.644,1.1859,1.0443,218.54,None,52.48,5.9873
"1972-12",1024.4,3730.2,375.0,63.91,1.87,0.644,1.2174,1.0529,213.26,None,52.48,6.1857
"1973-01",1119.0,3789.7,387.0,65.14,2.08,1.131,1.278,1.054,211.77,None,133.47,6.3019
"1973-02",1243.6,4027.8,422.0,74.2,2.08,1.131,1.4542,1.0919,258.66,None,133.47,7.103
"1973-03",1509.5,4288.0,474.0,84.37,2.08,1.131,1.4193,1.1098,280.36,None,133.47,7.839
"1973-04",1588.4,4270.3,513.0,90.5,2.35,1.131,1.291,1.0776,290.2,None,133.47,8.1325
"1973-05",1552.2,4347.5,549.0,101.96,2.35,1.131,1.4151,1.0745,323.83,None,133.47,9.0427
"1973-06",1748.7,4530.5,656.0,120.12,2.35,1.131,1.4147,1.0776,371.41,None,133.47,10.4026
"1973-07",2021.2,4962.6,842.0,120.17,2.7,1.131,1.3567,1.0582,472.85,None,133.47,10.4853
"1973-08",2123.0,5004.5,914.0,106.76,2.7,1.131,1.3307,1.045,536.33,None,133.47,9.5686
"1973-09",1936.1,5011.1,976.0,102.97,2.7,1.131,1.3272,1.1045,424.13,None,133.47,9.3697
"1973-10",2065.3,5359.4,1163.0,100.08,4.1,1.131,1.3779,1.1464,434.92,None,133.47,9.3946
"1973-11",2273.0,5573.3,1625.0,94.92,4.1,1.131,1.3931,1.1684,429.29,None,133.47,9.0427
"1973-12",2244.3,6461.7,1623.0,106.72,4.1,1.131,1.4235,1.1905,496.71,None,133.47,10.0523
"1974-01",2032.4,6503.6,1330.0,129.19,13.0,1.561,1.5304,1.2266,578.77,None,120.43,11.9539
"1974-02",2291.7,7418.5,1516.0,150.13,13.0,1.561,1.6466,1.3349,667.24,None,120.43,14.9216
"1974-03",2743.4,8218.8,1630.0,168.42,13.0,1.561,1.5754,1.3827,632.88,None,120.43,16.052
"1974-04",3031.8,9206.5,1743.0,172.24,10.6,1.561,1.5498,1.4116,613.85,None,120.43,16.0226
"1974-05",2875.7,9305.7,1782.0,163.27,10.6,1.561,1.5657,1.4226,591.5,None,120.43,15.8289
"1974-06",2440.0,9041.1,1410.0,154.1,10.6,1.561,1.5898,1.3624,603.31,None,120.43,14.7848
"1974-07",1919.1,8547.3,1097.0,142.98,10.0,1.561,1.5232,1.3036,609.64,None,120.43,13.627
"1974-08",1802.9,8787.6,1066.0,154.64,10.0,1.561,1.379,1.2348,727.84,None,120.43,14.3826
"1974-09",1460.5,9166.8,911.0,151.75,10.0,1.561,1.2039,1.1887,706.65,None,120.43,13.8396
"1974-10",1398.8,7409.7,825.0,158.78,10.3,1.561,1.2518,1.2112,840.17,None,120.43,15.0198
"1974-11",1416.7,7403.1,794.0,181.66,10.3,1.561,1.3069,1.2271,767.53,None,120.43,16.3455
"1974-12",1289.0,7202.5,771.0,183.78,10.3,1.561,1.2959,1.2165,689.26,None,120.43,16.1958
"1975-01",1211.2,7676.5,799.0,176.27,10.42,1.246,1.2311,1.1975,589.4,None,126.57,15.5321
"1975-02",1266.5,7557.4,794.0,179.6,10.42,1.246,1.1788,1.155,497.67,None,126.57,15.8809
"1975-03",1344.2,7383.3,803.0,178.16,10.42,1.246,1.1034,1.0943,478.26,None,126.57,15.742
"1975-04",1329.2,7129.7,783.0,169.84,10.42,1.246,1.0503,1.0809,451.1,None,126.57,15.0743
"1975-05",1253.8,6898.3,747.0,167.39,10.42,1.246,1.121,1.0476,391.74,None,126.57,15.2214
"1975-06",1193.0,6926.9,751.0,164.24,10.42,1.246,1.233,1.0877,356.0,None,126.57,14.9753
"1975-07",1222.4,6810.1,707.0,165.17,10.43,1.246,1.4478,1.2936,401.98,None,126.57,15.2423
"1975-08",1277.1,6774.8,737.0,163.0,10.43,1.246,1.8404,1.6986,472.61,None,126.57,15.3367
"1975-09",1210.1,6558.7,724.0,144.17,10.43,1.246,1.7831,1.6777,412.35,None,126.57,13.7563
"1975-10",1178.8,6347.1,706.0,142.79,10.46,1.246,1.7723,1.6109,412.19,None,126.57,13.4871
"1975-11",1179.7,6281.0,705.0,142.42,10.46,1.246,1.709,1.5743,378.8,None,126.57,13.4421
"1975-12",1151.0,6175.1,686.0,139.3,10.46,1.246,1.8353,1.632,367.93,None,126.57,13.0114
"1976-01",1193.0,6241.3,692.0,131.05,11.51,1.4046,2.047,1.7445,353.88,None,145.74,12.4665
"1976-02",1219.0,6508.0,690.0,131.06,11.51,1.4341,2.1874,1.8223,365.84,None,145.43,12.4895
"1976-03",1329.0,6902.7,728.0,132.76,11.51,1.4151,2.1958,1.8159,375.79,None,140.59,12.6939
"1976-04",1510.0,7123.1,789.0,127.94,11.51,1.6389,2.7002,2.3763,348.4,None,143.47,12.5441
"1976-05",1512.0,7449.4,774.0,126.92,11.51,1.7685,2.9864,2.6816,344.8,None,142.55,12.6042
"1976-06",1550.0,7766.9,750.0,125.71,11.51,1.9242,3.2977,2.8673,394.8,None,141.43,12.8382
"1976-07",1647.0,8496.6,776.0,117.73,11.6,1.957,3.0256,2.7841,450.5,None,138.3,12.2987
"1976-08",1539.0,8084.3,741.0,109.93,11.6,2.1219,3.3848,2.9158,431.0,None,135.02,11.3181
"1976-09",1459.0,7960.9,712.0,114.15,11.6,2.3905,3.5133,3.022,456.5,None,136.31,11.6157
"1976-10",1285.0,7971.9,639.0,116.15,11.9,2.5935,3.8215,3.3487,443.6,None,134.53,11.6631
"1976-11",1279.0,8121.8,604.0,130.46,11.9,2.9253,4.0342,3.8858,456.5,None,148.31,12.6956
"1976-12",1287.0,8399.6,642.0,133.93,11.9,2.9754,4.566,4.4964,456.8,None,156.39,12.9125
"1977-01",1396.0,9486.5,692.0,132.26,12.5,3.45,4.8272,4.7676,462.0,None,156.96,12.8672
"1977-02",1426.0,10227.2,703.0,136.24,12.5,3.8177,5.4119,5.4314,507.0,None,156.66,13.2401
"1977-03",1515.0,10372.7,719.0,148.23,12.5,4.0342,6.7058,6.748,598.0,None,156.58,14.3178
"1977-04",1429.0,9596.7,655.0,149.17,12.45,3.5878,7.0036,6.8835,647.0,None,157.11,14.3022
"1977-05",1371.0,9843.6,611.0,146.61,12.45,3.7831,6.2889,5.9426,659.0,None,157.48,14.0464
"1977-06",1312.0,9627.6,542.0,140.78,12.45,4.2536,5.7781,4.9387,619.0,None,157.89,13.4584
"1977-07",1248.0,10416.8,542.0,143.39,12.63,4.3629,4.8488,4.3318,520.0,None,160.8,13.6703
"1977-08",1160.0,11309.7,520.0,144.94,12.63,3.9701,4.396,4.4826,493.0,None,159.35,13.7117
"1977-09",1195.0,11157.6,518.0,149.53,12.63,3.8515,4.1778,4.4422,459.5,None,158.47,14.0672
"1977-10",1210.0,12153.8,511.0,158.95,12.68,3.6934,3.7703,3.8344,450.0,None,160.52,14.8876
"1977-11",1182.0,12676.6,525.0,162.1,12.68,3.4818,4.3466,3.6752,444.8,None,160.7,15.1754
"1977-12",1261.0,12784.6,538.0,160.45,12.68,3.1947,4.4714,3.7162,501.0,None,162.72,14.9838
"1978-01",1261.0,12121.0,518.0,173.18,12.66,2.9791,4.545,3.905,514.0,None,165.36,16.0365
"1978-02",1217.0,12149.7,478.0,178.14,12.66,2.8259,4.3561,3.8483,558.0,None,161.19,16.4324
"1978-03",1254.0,11422.1,507.0,183.61,12.66,3.3819,3.8576,3.4753,598.0,None,165.48,17.0782
"1978-04",1285.0,11005.5,553.0,175.28,12.68,3.4425,3.9368,3.1922,603.0,None,170.13,16.4237
"1978-05",1303.0,11704.3,562.0,176.31,12.7,3.1356,3.7397,3.0002,624.0,None,193.5,16.4957
"1978-06",1333.0,12356.9,578.0,183.75,12.73,2.9921,3.7148,3.332,654.0,None,196.51,17.1764
"1978-07",1337.0,12414.2,584.0,188.73,12.77,3.1636,2.9498,2.7897,622.0,None,202.73,17.5247
"1978-08",1426.0,12994.5,618.0,206.3,12.79,3.3612,3.0472,2.8318,585.0,None,206.4,18.8491
"1978-09",1442.0,13889.1,634.0,212.08,12.8,3.7505,3.4244,3.2386,615.0,None,206.34,19.2694
"1978-10",1506.0,15256.0,713.0,227.44,12.85,3.8274,3.3964,3.3096,623.0,None,213.08,20.7071
"1978-11",1481.0,15035.5,695.0,206.2,13.2,4.0303,3.2223,3.1804,604.0,None,206.32,19.2833
"1978-12",1533.0,14153.7,687.0,207.85,14.5,3.9478,2.8898,2.9119,604.0,None,208.33,19.4712
"1979-01",1659.0,13853.8,720.0,227.28,18.95,3.6555,2.8349,2.9377,636.0,None,212.2,20.9936
"1979-02",1944.0,14526.2,793.0,245.67,22.0,3.5029,2.7119,2.9211,694.0,None,191.8,23.3447
"1979-03",2050.0,15022.3,795.0,242.05,23.25,3.3962,2.8735,2.9809,688.0,None,199.4,23.1515
"1979-04",2100.0,15136.9,789.0,239.11,23.65,3.2478,3.0563,3.1262,666.0,None,204.6,22.9712
"1979-05",1926.0,15361.8,778.0,257.59,32.75,3.3587,3.3023,3.2558,665.0,None,201.9,25.1069
"1979-06",1877.9,16135.6,754.0,279.07,36.5,3.4807,4.2589,4.1621,675.0,None,203.9,26.6436
"1979-07",1814.0,15780.7,722.0,294.74,35.0,3.252,4.4899,4.3241,678.0,None,209.7,28.0661
"1979-08",1976.4,14793.0,665.0,300.82,35.75,3.1354,4.353,4.0111,652.0,None,209.0,28.6537
"1979-09",2095.9,15399.3,724.0,354.95,36.5,3.2225,4.5717,4.2293,640.0,None,212.5,36.4144
"1979-10",2075.9,16012.2,707.0,391.66,38.5,3.0591,4.6207,4.064,602.0,None,226.4,41.5618
"1979-11",2090.0,16360.5,702.0,391.99,42.0,3.0164,4.5574,3.909,620.0,None,229.5,41.5699
"1979-12",2214.0,16986.6,751.0,455.08,40.5,3.1868,4.2831,3.902,630.0,None,237.4,51.2192
"1980-01",2601.0,17013.0,774.0,675.31,40.0,3.1675,3.8078,3.5713,662.0,None,245.2,81.0579
"1980-02",2918.0,17100.4,870.0,665.32,38.5,3.2368,3.7102,3.5521,672.0,None,249.0,77.1652
"1980-03",2306.0,17470.3,743.0,553.58,38.25,3.091,4.1173,3.7225,637.0,None,243.4,59.9147
"1980-04",2070.0,17017.2,708.0,517.41,38.15,2.9107,4.0528,3.6464,611.0,None,241.8,48.1079
"1980-05",2037.0,17041.7,691.5,513.8,38.5,2.5858,4.2315,3.8848,584.0,None,251.1,45.6839
"1980-06",2006.0,17223.9,678.1,600.72,38.0,2.4981,4.0503,3.7613,555.0,None,255.3,54.2913
"1980-07",2176.0,17090.8,714.0,643.27,37.4,2.4648,3.5164,3.2809,545.0,None,259.9,57.5581
"1980-08",2082.1,17018.4,769.0,627.15,33.6,2.3122,3.1001,2.9496,518.0,None,253.0,56.1238
"1980-09",2060.0,17308.3,796.0,673.63,33.4,2.386,2.8559,2.7567,509.0,None,252.5,62.8873
"1980-10",2040.0,16692.1,805.0,661.15,37.9,2.305,2.8373,2.7242,507.0,None,258.9,62.3478
"1980-11",2010.0,15615.5,802.0,624.77,40.85,2.174,2.5986,2.5183,585.0,None,258.4,58.4294
"1980-12",1879.0,14707.0,784.0,538.26,40.15,2.11,2.7172,2.5505,619.3,None,251.8,50.8848
"1981-01",1869.1,14332.7,777.4,557.39,40.3,2.093,2.8894,2.6283,625.0,None,247.98,50.3888
"1981-02",1801.0,13633.4,731.0,499.76,38.7,2.041,2.8517,2.4886,640.0,None,231.48,44.9941
"1981-03",1818.0,13633.0,751.0,499.11,38.35,2.116,2.8574,2.4723,620.0,None,231.39,44.2956
"1981-04",1821.0,13365.0,824.0,495.8,37.19,2.11,2.8887,2.4507,588.0,None,225.25,43.251
"1981-05",1742.0,12663.5,851.0,479.7,35.19,1.933,2.8329,2.3477,599.0,None,209.45,41.6035
"1981-06",1700.0,12603.5,840.0,461.09,33.25,1.663,2.5104,1.8583,640.0,None,203.14,39.5833
"1981-07",1681.9,13358.0,865.1,409.07,35.06,2.0483,2.6691,1.9357,600.0,None,198.3,34.8733
"1981-08",1787.0,14485.0,955.0,410.16,35.8,2.2469,2.782,1.9786,531.0,None,192.26,35.2791
"1981-09",1710.4,14935.1,939.2,443.75,35.91,2.3565,2.8038,1.9703,509.0,None,203.75,38.5149
"1981-10",1666.3,15112.6,891.7,437.76,36.54,2.1727,3.0225,2.1656,513.0,None,204.46,37.331
"1981-11",1651.4,15836.2,876.9,413.37,37.12,2.0637,3.1804,2.3135,500.0,None,204.82,35.087
"1981-12",1655.3,15951.5,845.5,410.09,36.7,2.1105,3.1343,2.273,483.0,None,201.2,34.7982
"1982-01",1610.6,16133.1,818.5,384.14,35.85,2.1922,3.1786,2.3076,502.0,None,197.42,32.657
"1982-02",1598.0,15992.6,822.9,374.13,31.62,2.0871,3.4046,2.5168,528.0,None,191.11,32.2796
"1982-03",1510.4,12766.3,789.7,330.25,29.3,1.946,3.2196,2.4685,507.0,None,187.23,28.4184
"1982-04",1521.7,12618.1,742.5,350.3,33.12,1.7409,3.1224,2.3455,509.0,None,184.19,29.8048
"1982-05",1527.7,12735.9,750.2,333.71,35.18,1.719,3.0333,2.2822,511.0,None,191.1,28.1075
"1982-06",1300.0,11087.0,691.9,314.98,34.6,1.5488,3.1004,2.2408,494.0,None,174.8,25.7944
"1982-07",1440.9,11316.6,726.9,338.97,33.7,1.5565,2.9434,2.1678,421.0,None,168.0,28.1885
"1982-08",1451.5,12195.7,715.5,364.23,32.85,1.5463,2.9308,2.2478,396.0,None,166.3,30.4171
"1982-09",1426.5,12675.7,749.5,437.31,34.25,1.6851,3.0042,2.4092,380.0,None,162.79,36.7076
"1982-10",1461.0,12413.8,751.3,422.15,35.0,1.6335,3.0955,2.5856,355.0,None,160.97,36.3145
"1982-11",1443.8,11981.9,710.0,414.89,33.8,1.5405,3.045,2.6943,362.0,None,159.4,36.2552
"1982-12",1473.2,11992.9,668.5,444.5,31.75,1.6315,2.9729,2.8177,376.0,None,167.7,38.9137
"1983-01",1571.9,12082.6,699.1,481.29,30.85,1.7784,2.8651,2.745,372.0,None,169.88,43.0846
"1983-02",1647.4,13034.2,681.4,491.09,29.1,1.9439,2.7983,2.6846,367.0,None,167.1,45.2683
"1983-03",1597.7,13426.0,678.4,419.7,28.2,1.868,2.7567,2.6727,377.6,None,164.03,37.4713
"1983-04",1674.9,13792.8,697.5,432.88,29.75,1.8772,2.7505,2.6727,418.5,None,157.18,39.2478
"1983-05",1765.7,13522.9,735.6,438.01,29.6,2.0703,2.8323,2.7152,432.0,None,154.78,40.8689
"1983-06",1701.2,13354.0,718.4,412.84,30.2,2.2977,2.8071,2.6511,394.0,None,150.07,38.111
"1983-07",1704.3,13193.0,739.8,402.91,30.8,2.3027,2.8294,2.6469,425.0,None,147.82,37.7752
"1983-08",1639.8,12826.0,808.9,416.2,31.1,2.3038,2.8559,2.6526,559.0,None,143.03,38.6553
"1983-09",1560.7,12755.3,837.8,411.8,30.35,2.145,2.9169,2.6877,645.0,None,156.64,38.2668
"1983-10",1435.2,12750.8,859.0,393.6,29.85,2.0977,3.1026,2.8726,671.0,None,168.27,35.0949
"1983-11",1389.1,12772.5,859.1,381.7,29.2,2.2152,3.187,2.8515,661.0,None,177.43,33.313
"1983-12",1415.2,12345.5,857.0,388.34,28.95,2.5385,3.2333,2.9271,695.0,None,172.99,34.059
"1984-01",1375.7,12117.8,957.8,370.89,29.56,2.622,3.1683,2.9306,875.0,None,168.69,32.0785
"1984-02",1429.8,12297.7,998.4,385.96,29.88,2.5005,3.2168,3.0049,875.0,None,174.21,33.8783
"1984-03",1501.2,12406.1,1040.6,394.26,30.08,2.5347,3.2699,3.0433,845.0,None,190.58,34.9178
"1984-04",1532.6,12445.0,1004.1,381.37,30.13,2.5358,3.3116,3.0325,841.0,None,190.76,33.7087
"1984-05",1420.9,12582.8,1001.3,377.4,29.9,2.6826,3.3124,3.2293,951.0,None,183.43,33.1862
"1984-06",1366.5,12662.2,941.5,377.7,29.2,2.485,3.2474,3.165,783.0,None,184.09,33.0087
"1984-07",1330.8,12438.7,853.6,347.71,27.91,2.2145,3.1771,3.0402,580.0,None,177.35,29.7889
"1984-08",1337.5,12302.2,834.1,347.7,28.11,2.2136,3.2121,3.099,562.0,None,174.9,29.9146
"1984-09",1293.6,12091.1,873.3,340.2,28.36,2.3108,3.1356,3.1189,611.0,None,167.04,29.0883
"1984-10",1273.0,11744.9,843.7,341.0,27.81,2.2573,3.0175,2.9787,615.0,None,164.5,29.1691
"1984-11",1345.1,11991.2,855.1,342.0,27.7,2.2551,3.0911,2.9998,616.0,None,168.95,29.4283
"1984-12",1321.1,11722.2,859.7,319.54,26.98,2.14,3.1041,2.7992,592.0,None,163.21,27.1497
"1985-01",1359.1,11073.4,867.1,302.79,26.95,2.2198,3.2053,2.7675,583.0,None,159.82,25.5214
"1985-02",1388.5,10946.0,886.6,299.1,28.2,2.2741,3.1764,2.7011,595.0,None,153.91,25.2426
"1985-03",1389.9,11210.6,920.9,313.5,28.1,2.232,3.2602,2.7079,651.0,None,153.29,26.075
"1985-04",1501.8,11806.4,931.3,326.8,27.9,2.2395,3.1189,2.702,653.0,None,164.7,27.3879
"1985-05",1530.6,11909.8,881.3,316.0,26.65,2.129,3.1458,2.6685,610.0,None,163.66,26.5157
"1985-06",1432.4,12385.8,808.0,316.5,26.45,2.0922,3.1281,2.6497,556.0,None,165.96,26.4519
"1985-07",1474.6,12755.8,766.8,317.2,26.6,2.2111,2.9778,2.3433,487.0,None,174.6,26.332
"1985-08",1420.2,12647.2,735.1,330.4,27.15,2.2721,2.9427,2.3466,404.0,None,181.84,27.3919
"1985-09",1366.4,12325.2,689.5,323.35,27.15,2.3468,2.9427,2.2941,360.0,None,179.01,26.8606
"1985-10",1384.7,12391.1,631.9,325.85,27.9,2.3636,3.0979,2.4544,356.0,None,192.13,27.1588
"1985-11",1369.5,9903.2,597.5,321.5,29.05,2.2979,3.4315,2.7816,362.0,None,196.34,26.8345
"1985-12",1390.9,9114.0,685.3,321.9,25.85,2.3753,4.3422,3.3669,390.0,None,201.34,26.6303
"1986-01",1418.3,7910.0,644.0,347.48,25.75,2.3237,5.2441,3.7516,342.0,None,206.72,28.4643
"1986-02",1405.5,7922.9,608.7,338.89,17.55,2.2291,5.0307,3.5721,283.0,None,216.42,27.7956
"1986-03",1445.1,7313.6,625.7,345.7,13.85,2.1065,5.2823,3.7229,243.0,None,192.13,28.0829
"1986-04",1434.6,5686.1,659.9,340.44,12.5,1.9897,4.9833,3.4703,242.0,None,215.39,27.3502
"1986-05",1418.74,5474.2,707.3,342.4,14.2,1.9059,4.6592,3.1416,238.0,None,217.86,27.3568
"1986-06",1413.14,5378.3,804.2,342.7,11.85,1.9059,3.9039,2.7602,243.0,None,217.42,27.47
"1986-07",1344.3,5386.6,807.1,348.34,9.45,2.0223,3.7988,2.7761,221.0,None,223.77,27.7413
"1986-08",1303.1,5404.3,816.0,376.66,13.65,2.0723,3.8345,2.9751,197.0,None,230.44,29.8939
"1986-09",1347.0,5397.2,871.1,417.73,14.2,2.2064,4.4011,3.6062,207.0,None,232.04,33.0538
"1986-10",1316.8,5542.8,886.2,423.51,13.8,2.073,3.9152,3.2808,272.0,None,236.67,33.3829
"1986-11",1303.2,6092.3,820.0,397.56,14.55,2.0245,3.4545,3.1337,303.0,None,233.97,31.5207
"1986-12",1335.6,6428.1,798.2,390.92,15.9,1.9761,3.0034,2.7465,293.0,None,236.9,30.8359
"1987-01",1346.0,6712.7,759.7,408.26,18.4,1.9651,2.7234,2.4996,350.0,None,250.23,32.1565
"1987-02",1379.83,6688.4,740.4,401.12,17.3,1.9586,2.6645,2.4269,330.0,None,254.75,31.6854
"1987-03",1465.72,6631.5,731.6,408.91,17.9,2.0097,2.2877,2.157,313.0,None,253.91,32.3796
"1987-04",1484.24,6699.8,761.9,438.35,18.1,2.0697,2.3712,2.229,339.0,None,256.98,35.9406
"1987-05",1520.44,6747.4,838.7,460.23,18.75,2.0684,2.586,2.3281,341.0,None,259.65,38.4167
"1987-06",1571.87,6610.4,878.4,449.59,18.85,1.9952,2.3176,2.1615,342.0,None,255.14,36.6834
"1987-07",1694.62,6404.9,829.8,450.52,19.8,2.1178,2.2023,2.0388,300.0,None,252.79,36.93
"1987-08",1756.31,6556.1,804.1,461.15,18.95,2.0214,2.2531,2.0845,308.0,None,251.53,37.9013
"1987-09",1811.01,6406.3,756.7,460.38,18.35,1.987,2.4365,2.1898,335.0,None,257.75,37.5901
"1987-10",1967.2,6763.8,769.9,465.35,18.8,1.9107,2.6319,2.2822,353.0,None,259.14,37.862
"1987-11",2523.9,6927.3,848.0,467.57,17.8,1.9297,2.7884,2.3111,368.0,None,273.37,37.0708
"1987-12",2868.9,6829.4,866.3,486.24,17.1,1.8973,2.7972,2.2716,432.0,None,281.75,38.304
"1988-01",2663.2,6808.1,878.5,476.58,16.85,1.9734,2.8223,2.2511,486.0,None,279.81,37.6141
"1988-02",2330.2,6690.1,876.4,442.07,15.75,1.7992,3.0544,2.2702,403.0,None,271.92,34.9708
"1988-03",2359.3,6772.9,981.9,443.61,14.75,1.6852,3.0104,2.1817,381.0,None,273.96,35.2107
"1988-04",2286.3,6752.6,1069.2,451.55,16.6,1.6491,3.0075,2.1204,403.0,None,274.64,35.843
"1988-05",2447.99,6777.6,1176.7,451.07,16.4,1.7073,3.0567,2.0737,422.0,None,272.07,35.9135
"1988-06",2540.27,7035.8,1365.3,451.33,15.55,1.6241,3.1718,2.0608,496.0,None,263.43,36.439
"1988-07",2213.51,7148.8,1237.4,437.63,14.9,1.6096,3.1299,1.881,517.0,None,264.87,35.5298
"1988-08",2200.68,7322.7,1309.2,431.28,14.95,1.4478,2.9228,1.8001,450.0,None,262.08,34.7862
"1988-09",2435.53,7408.5,1330.3,413.46,13.3,1.2392,3.0391,1.9789,428.0,None,263.77,33.2982
"1988-10",2939.51,7252.7,1519.9,406.78,12.45,1.3043,2.9502,2.0744,431.0,None,269.4,32.8097
"1988-11",3304.66,7312.4,1559.0,420.17,13.0,1.4729,2.9848,2.0428,418.0,None,280.56,33.7748
"1988-12",3498.91,7337.4,1594.3,419.05,15.15,1.5031,3.2546,2.2151,411.0,None,279.33,33.52
"1989-01",3394.06,7409.6,1734.0,404.01,17.0,1.4348,3.3563,2.2342,383.0,None,270.39,32.3673
"1989-02",3096.92,7873.7,1932.4,387.51,16.65,1.4817,3.0854,2.1191,401.0,None,277.46,31.2258
"1989-03",3264.14,8760.5,1961.6,390.15,18.7,1.4088,3.0966,2.081,399.0,None,276.69,31.4759
"1989-04",3117.91,10195.9,1656.4,384.4,19.75,1.2908,3.172,2.011,391.0,None,276.69,30.9535
"1989-05",2738.98,10143.7,1628.4,371.05,18.35,1.2072,3.0993,2.0133,406.0,None,264.49,29.7439
"1989-06",2546.01,9935.5,1539.0,367.6,17.5,1.2522,2.7628,1.8464,373.0,None,260.38,29.3139
"1989-07",2505.0,9605.2,1616.9,375.04,17.75,1.3459,1.942,1.4383,331.0,None,272.43,29.7451
"1989-08",2762.2,8715.6,1730.4,365.14,17.1,1.2855,1.7308,1.314,309.0,None,269.15,29.0487
"1989-09",2884.4,8269.7,1628.9,361.75,17.8,1.1409,1.7289,1.3234,323.0,None,265.44,28.7736
"1989-10",2861.4,7922.4,1584.6,366.88,19.0,1.0635,1.5135,1.1806,321.0,None,276.33,29.1265
"1989-11",2591.3,6837.3,1437.6,394.26,19.15,1.0108,1.5624,1.1744,301.0,None,281.35,31.2332
"1989-12",2418.6,6744.1,1455.0,409.39,19.85,0.9703,1.5977,1.1317,267.0,None,294.34,32.2677
"1990-01",2366.64,6592.0,1297.0,410.11,20.95,0.9945,1.6761,1.0907,279.0,None,303.83,31.9917
"1990-02",2360.16,6156.1,1396.8,416.81,19.9,1.0265,1.8508,1.1036,271.0,None,324.97,32.4954
"1990-03",2625.61,6270.5,1607.4,393.06,18.45,1.1314,2.0885,1.2292,286.0,None,321.47,30.7482
"1990-04",2686.15,6390.9,1685.6,374.24,16.75,1.3338,2.088,1.2335,267.0,None,326.31,29.5038
"1990-05",2741.95,6324.6,1774.6,369.05,16.7,1.4405,2.0496,1.1821,281.0,None,337.58,29.2081
"1990-06",2584.56,6096.0,1714.8,352.33,15.7,1.3201,1.9654,1.1171,272.0,None,335.4,27.9798
"1990-07",2769.49,5924.4,1637.0,362.53,17.55,1.3457,1.9103,1.1039,279.0,None,345.42,28.5823
"1990-08",2957.03,5905.2,1615.1,394.73,27.05,1.2857,2.0818,1.1856,291.0,None,360.32,30.781
"1990-09",3031.37,5707.0,1537.5,389.32,34.1,1.3715,2.103,1.228,284.0,None,361.39,30.1822
"1990-10",2743.56,6061.4,1352.6,380.74,36.05,1.3069,2.019,1.2392,290.0,None,369.74,29.1729
"1990-11",2585.89,5981.3,1277.7,381.73,33.0,1.347,1.8678,1.2231,331.0,None,369.96,29.0272
"1990-12",2485.38,5615.2,1265.4,376.95,28.0,1.2964,1.9661,1.2447,346.0,None,365.15,28.6273
"1991-01",2448.52,5623.2,1206.2,383.64,23.65,1.2417,1.8945,1.1647,349.0,None,360.57,29.0053
"1991-02",2449.38,5583.7,1188.1,363.83,19.4,1.2147,1.9667,1.1435,338.0,None,367.11,27.409
"1991-03",2409.63,5517.4,1198.6,363.34,19.45,1.2103,2.0628,1.1324,348.0,None,338.84,27.5976
"1991-04",2472.04,5560.0,1252.9,358.38,19.25,1.1458,2.0273,1.1229,319.0,None,303.85,27.3069
"1991-05",2305.88,5701.7,1090.9,356.95,19.3,1.0622,1.9375,1.0375,318.0,None,300.79,27.2677
"1991-06",2219.28,5710.6,1061.6,366.72,18.2,1.0408,1.891,1.0005,311.0,None,288.87,28.1834
"1991-07",2236.28,5669.6,1063.1,367.69,19.45,1.0322,1.8351,1.0005,341.0,None,288.21,28.2052
"1991-08",2233.19,5638.8,1046.3,356.31,19.75,1.1389,1.8027,0.99,338.0,None,295.09,27.0554
"1991-09",2324.57,5570.3,1023.2,348.74,20.5,1.2729,1.9193,1.0287,323.0,None,302.77,26.656
"1991-10",2363.64,5549.6,991.7,358.69,22.2,1.3008,1.7586,1.0115,345.0,None,303.66,27.3879
"1991-11",2379.84,5505.5,1093.3,360.17,21.25,1.314,1.724,1.1112,362.0,None,316.06,27.4468
"1991-12",2223.14,5510.1,1188.0,361.73,18.4,1.3664,1.6612,1.1197,376.0,None,326.73,27.4001
"1992-01",2139.23,5476.9,1153.7,354.45,18.15,1.2815,1.6184,1.0765,383.0,None,325.27,27.0702
"1992-02",2205.97,5615.7,1130.7,353.91,18.1,1.1929,1.5091,0.9385,382.0,None,317.54,27.112
"1992-03",2227.33,5632.0,1214.6,344.34,17.6,1.1282,1.5514,0.9389,396.0,None,310.3,26.4602
"1992-04",2215.33,5838.9,1304.3,338.62,18.95,1.0443,1.4533,0.9118,402.0,None,313.96,26.0212
"1992-05",2216.52,6121.1,1372.9,337.24,19.9,0.9923,1.3417,0.8307,390.0,None,321.14,25.9763
"1992-06",2299.2,6618.8,1385.2,340.81,21.15,0.9706,1.3027,0.8195,404.0,None,330.28,26.2174
"1992-07",2520.32,6989.4,1320.2,352.72,20.25,1.1021,1.2831,0.864,382.0,None,347.83,26.9118
"1992-08",2521.64,6780.4,1360.4,343.06,19.75,1.1762,1.1669,0.8565,382.0,None,355.34,26.1044
"1992-09",2414.06,6643.2,1366.9,345.43,20.25,1.125,1.1735,0.9034,391.0,None,355.41,26.2223
"1992-10",2249.15,6016.7,1163.6,344.38,20.3,1.071,1.3574,0.9742,396.0,None,347.86,26.1291
"1992-11",2158.32,5723.0,1046.9,335.02,19.2,1.0763,1.4839,1.0509,413.0,None,325.92,25.5479
"1992-12",2206.82,5756.2,1057.9,334.82,18.15,1.0344,1.7016,1.1202,401.0,None,324.49,25.5042
"1993-01",2256.85,5900.9,1061.1,329.01,17.4,1.0355,1.5298,1.034,410.0,None,319.27,25.0902
"1993-02",2212.6,5790.9,1072.1,329.31,18.45,0.9976,1.4914,1.0361,425.0,None,314.53,25.0827
"1993-03",2152.59,5659.4,996.1,330.08,18.75,0.9751,1.4026,1.0119,408.0,None,312.78,25.1062
"1993-04",1949.88,5590.9,1004.6,342.15,18.65,1.0117,1.2758,0.9894,392.0,None,324.24,26.1947
"1993-05",1794.5,5503.5,980.4,367.18,18.5,0.9958,1.3708,1.0179,371.0,None,323.33,28.3009
"1993-06",1853.42,5112.7,926.0,371.89,17.65,0.9872,1.3779,1.0267,356.0,None,314.45,28.5128
"1993-07",1927.16,4972.6,927.6,392.19,16.8,1.0604,1.5831,1.0891,362.0,None,299.97,30.4489
"1993-08",1947.45,4809.3,884.0,378.84,16.7,1.0966,1.6958,1.2888,356.0,None,295.23,29.4063
"1993-09",1861.86,4493.6,874.2,355.28,16.0,1.2677,1.7807,1.3779,352.0,None,308.36,27.2681
"1993-10",1646.4,4681.1,914.9,364.18,16.6,1.2923,1.6896,1.299,333.0,None,304.38,27.9615
"1993-11",1630.02,4640.9,928.4,373.83,15.15,1.321,1.7328,1.355,357.0,None,299.54,28.7664
"1993-12",1724.19,4777.9,974.4,383.3,13.6,1.3622,1.7921,1.3627,411.0,None,307.76,29.7977
"1994-01",1805.35,4942.8,996.7,386.88,14.25,1.2641,1.7405,1.3093,404.0,None,304.03,30.1981
"1994-02",1866.4,5443.4,968.9,381.91,13.8,1.2289,1.8503,1.3404,387.0,None,304.74,29.9904
"1994-03",1914.87,5405.4,935.9,384.13,13.95,1.3073,1.9181,1.4265,395.0,None,311.57,30.3205
"1994-04",1881.82,5385.7,923.6,377.27,15.15,1.2436,1.9967,1.5833,434.0,None,309.59,29.8019
"1994-05",2150.6,5504.4,955.6,381.43,16.2,1.3788,2.687,2.0933,488.0,None,318.06,30.1298
"1994-06",2364.2,5509.2,966.2,385.64,16.75,1.459,3.1621,2.4776,508.0,None,331.2,30.3735
"1994-07",2458.19,5311.2,964.0,385.49,17.6,1.5523,4.8256,3.6155,494.0,None,343.77,30.2872
"1994-08",2406.23,5161.5,944.9,380.36,16.8,1.551,4.4189,3.585,575.0,None,344.81,29.8819
"1994-09",2505.93,5321.1,992.4,391.58,15.9,1.4861,4.8943,4.0297,614.0,None,347.76,30.9117
"1994-10",2547.67,5473.6,1058.5,389.77,16.4,1.4478,4.45,3.7352,616.0,None,354.51,30.7356
"1994-11",2802.45,6161.1,1151.7,384.39,17.2,1.4352,4.0325,3.3803,707.0,None,351.43,30.1337
"1994-12",2985.3,5946.8,1114.3,379.29,15.96,1.3975,3.7157,2.8601,719.0,None,341.65,29.4188
"1995-01",3008.93,6199.3,1156.5,378.55,16.63,1.4687,3.8056,2.8999,655.0,None,341.0,29.372
"1995-02",2877.65,5478.3,1032.2,376.64,17.08,1.5102,3.7431,2.9694,661.0,None,334.12,29.2024
"1995-03",2924.04,5532.4,1022.2,382.12,17.01,1.485,3.9558,3.2194,687.0,None,346.84,29.4878
"1995-04",2903.5,5872.1,1061.4,391.03,18.67,1.4612,3.8449,3.1918,625.0,None,350.64,30.8967
"1995-05",2773.31,5926.5,1036.2,385.22,18.38,1.4453,3.7701,3.1063,611.0,None,340.95,30.5825
"1995-06",2994.64,6670.7,1009.6,387.56,17.35,1.4372,3.4059,2.84,631.0,None,345.78,30.5493
"1995-07",3075.67,6668.9,1026.8,386.23,15.86,1.364,3.2112,2.6403,655.0,None,351.79,30.268
"1995-08",3036.84,6992.3,1014.4,383.67,16.07,1.4129,3.3777,2.87,616.0,None,341.96,30.3077
"1995-09",2915.52,6328.1,986.2,383.06,16.78,1.3971,2.9643,2.5364,586.0,None,337.09,30.3072
"1995-10",2813.55,6220.7,979.1,383.14,16.12,1.3946,2.8058,2.4859,615.0,None,344.06,30.2256
"1995-11",2977.36,6386.9,1030.7,385.31,16.88,1.435,2.7613,2.4412,607.0,None,337.67,30.309
"1995-12",2926.26,6289.5,1018.1,387.44,17.96,1.3779,2.3422,2.0479,590.0,None,302.2,30.3054
"1996-01",2616.41,6271.6,1019.1,399.45,17.94,1.349,2.4394,1.9839,535.0,None,279.69,31.3485
"1996-02",2537.71,6195.5,1035.8,404.76,17.97,1.3702,2.7357,2.1361,518.0,None,272.78,31.8797
"1996-03",2561.02,6196.4,1063.9,396.21,19.99,1.3393,2.6641,2.0049,519.0,None,271.79,31.1937
"1996-04",2595.78,6480.9,1045.4,392.85,21.01,1.4564,2.7227,1.9989,562.0,None,270.27,30.8695
"1996-05",2658.26,6412.4,1035.8,391.93,19.12,1.5241,2.8499,2.0106,552.0,None,279.31,30.7527
"1996-06",2173.4,6191.9,1008.5,385.27,18.27,1.5375,2.7659,1.8984,508.0,None,280.1,30.1196
"1996-07",1985.57,6250.2,1000.1,383.47,19.61,1.495,2.7,1.7077,476.0,None,284.68,29.9178
"1996-08",2008.57,6110.2,1006.9,387.35,20.58,1.5009,2.7827,1.7465,513.0,None,286.56,30.2431
"1996-09",1941.45,6101.9,1000.3,383.14,22.59,1.476,2.6169,1.6389,545.0,None,282.74,29.8642
"1996-10",1961.17,5941.9,1003.1,381.07,24.18,1.477,2.7381,1.6076,532.0,None,300.0,29.6167
"1996-11",2230.86,5991.7,1046.5,377.85,22.64,1.4676,2.7353,1.5476,550.0,None,303.54,29.319
"1996-12",2268.08,5836.3,1036.3,369.0,23.9,1.4738,2.5798,1.3902,561.0,None,300.38,28.7275
"1997-01",2434.93,5877.7,1086.5,355.11,23.47,1.4279,2.9291,1.4813,567.0,None,286.14,27.775
"1997-02",2405.85,5883.2,1179.4,346.58,20.83,1.3726,3.7119,1.6623,580.0,None,282.95,27.5227
"1997-03",2421.29,5909.2,1254.8,351.81,19.21,1.5236,4.2924,1.7688,559.0,None,279.74,27.9997
"1997-04",2391.18,5713.3,1240.4,344.47,17.47,1.571,4.5633,1.7062,562.0,None,277.66,27.1196
"1997-05",2514.33,5711.2,1310.5,343.84,19.1425,1.5692,5.8923,2.0635,553.0,None,278.6,27.0914
"1997-06",2612.62,5566.1,1354.2,340.76,17.55,1.6883,4.8947,1.9564,533.0,None,283.07,26.9908
"1997-07",2450.46,5442.7,1518.0,324.1,18.4,1.6775,4.1978,1.756,498.0,None,283.77,25.5403
"1997-08",2251.2,5428.4,1653.5,324.01,18.71,1.653,4.2064,1.6413,504.0,None,285.71,25.6695
"1997-09",2107.3,5496.3,1640.9,322.82,18.45,1.7655,4.1859,1.6568,525.0,None,283.77,25.8155
"1997-10",2052.26,5561.3,1280.1,324.87,19.85,1.741,3.6963,1.6429,547.0,None,295.98,26.227
"1997-11",1917.45,5658.0,1173.0,306.04,19.0,1.6964,3.5333,1.6764,556.0,None,293.52,25.0086
"1997-12",1762.33,5513.8,1102.2,288.74,17.0,1.7388,3.9119,1.821,566.0,None,286.14,24.5679
"1998-01",1688.45,5206.3,1097.2,289.1,15.09,1.6707,3.9198,1.8389,621.0,None,287.66,24.6552
"1998-02",1664.8,5242.5,1044.0,297.49,14.06,1.6432,3.9282,1.8378,659.0,None,287.8,26.077
"1998-03",1747.98,5476.8,1047.6,295.94,13.08,1.7211,3.4756,1.812,671.0,None,287.63,25.4751
"1998-04",1800.9,5714.8,1097.0,308.29,13.39,1.7202,3.3146,1.9615,688.0,None,287.67,26.3818
"1998-05",1732.53,5874.7,1061.1,299.1,14.39,1.7814,3.0362,2.0005,705.0,None,285.85,25.0278
"1998-06",1660.52,5970.0,1009.8,292.32,12.058,1.7234,2.7542,1.8239,633.0,None,274.49,24.2359
"1998-07",1651.04,5653.7,1040.3,292.87,12.01,1.7167,2.5926,1.6984,661.0,None,273.82,24.4982
"1998-08",1620.93,5691.5,1029.8,284.11,11.8805,1.6825,2.7163,1.748,674.0,None,275.22,23.6637
"1998-09",1647.64,5485.7,1000.0,288.98,13.36,1.6859,2.4659,1.7593,703.0,None,289.13,23.7876
"1998-10",1586.39,5432.1,940.5,295.93,12.56,1.6475,2.4189,1.7703,694.0,None,300.27,24.2006
"1998-11",1573.95,5478.3,967.1,294.12,10.92,1.5999,2.5655,1.7672,681.0,None,292.65,24.0613
"1998-12",1473.57,5257.6,959.2,291.68,9.8,1.5241,2.588,1.8532,663.0,None,294.64,23.8257
"1999-01",1431.18,5109.8,932.8,287.08,11.06,1.4558,2.4903,1.8142,632.0,0.5979,291.19,23.7862
"1999-02",1410.78,5268.5,1017.3,287.33,10.2,1.4111,2.3254,1.7467,561.0,0.5587,281.84,24.1879
"1999-03",1378.35,5360.2,1030.0,285.96,12.47,1.3139,2.3234,1.6186,497.0,0.5224,273.74,23.7968
"1999-04",1466.0,5393.0,1019.0,282.62,15.3,1.1779,2.2511,1.5282,509.0,0.5236,269.25,23.4328
"1999-05",1511.16,5649.2,1040.3,276.44,15.14,1.0676,2.4487,1.4978,475.0,0.5505,251.31,23.2274
"1999-06",1422.48,5265.9,1000.5,261.31,15.77,1.1629,2.3636,1.446,392.0,0.554,245.21,22.0471
"1999-07",1640.0,5230.0,1072.1,256.08,19.01,1.1132,2.0911,1.3572,319.0,0.5109,243.83,21.8427
"1999-08",1647.62,5230.2,1130.6,256.69,20.22,0.9984,2.0144,1.3905,354.0,0.5392,250.46,21.9592
"1999-09",1750.34,5342.5,1193.8,264.74,22.4,1.0606,1.8587,1.3133,388.0,0.5967,247.15,22.4648
"1999-10",1724.12,5430.7,1148.7,310.72,21.95,1.0215,2.0768,1.2901,381.0,0.6793,269.28,25.6787
"1999-11",1727.55,5842.1,1147.2,293.18,24.59,0.9221,2.4996,1.39,370.0,0.7639,307.48,24.348
"1999-12",1764.75,5721.3,1183.8,283.07,25.59,0.9188,2.7439,1.4725,354.0,0.6958,300.54,23.7196
"2000-01",1843.98,5927.8,1178.8,284.32,25.38,0.9185,2.4496,1.1724,348.0,0.7069,301.32,23.8318
"2000-02",1800.83,5642.1,1094.9,299.86,27.7048,0.8569,2.2805,1.0772,332.0,0.7304,292.31,25.0342
"2000-03",1739.39,5457.8,1116.4,286.39,27.47,0.9259,2.2207,1.0196,349.0,0.6555,286.74,23.9255
"2000-04",1678.75,5384.4,1127.6,279.69,22.54,0.912,2.0858,0.98,372.0,0.6441,281.41,23.5367
"2000-05",1785.62,5451.2,1156.9,275.19,27.34,0.9216,2.0756,0.9771,324.0,0.6171,269.19,23.2289
"2000-06",1753.18,5456.8,1117.9,285.73,29.6773,0.9482,1.9057,0.9409,315.0,0.5957,282.14,23.9842
"2000-07",1799.36,5343.8,1136.2,281.59,28.53,0.9671,1.9257,0.8999,312.0,0.579,279.3,23.6957
"2000-08",1855.86,5304.8,1169.8,274.47,29.43,0.8865,1.6958,0.8433,306.0,0.6073,278.19,23.2009
"2000-09",1960.41,5474.3,1224.4,273.68,32.621,0.8827,1.6707,0.8561,288.0,0.6049,259.19,23.1836
"2000-10",1898.59,5282.3,1095.9,270.0,30.9323,0.8777,1.6901,0.7967,255.0,0.6056,254.12,22.8685
"2000-11",1795.11,5269.5,1059.0,266.01,32.5241,0.8796,1.5772,0.7233,257.0,0.6015,254.56,22.503
"2000-12",1850.55,5233.7,1059.8,271.45,25.1255,0.8928,1.4586,0.6698,265.0,0.6026,266.63,22.8424
"2001-01",1787.5,5170.5,1033.1,265.49,25.6364,0.996,1.4546,0.7143,254.0,0.5986,278.89,22.5025
"2001-02",1765.65,5121.8,1020.9,261.87,27.406,0.8926,1.4813,0.6962,240.0,0.5711,274.0,22.139
"2001-03",1738.77,5046.4,1004.7,263.03,24.3955,1.1244,1.4661,0.6729,254.0,0.5182,268.46,22.0346
"2001-04",1664.16,4949.2,969.4,260.48,25.641,1.0843,1.4579,0.6281,251.0,0.512,265.14,21.8577
"2001-05",1682.21,4945.0,938.0,272.36,28.4505,1.0774,1.526,0.6512,234.0,0.514,259.8,22.7087
"2001-06",1608.45,4828.3,894.9,270.23,27.7243,0.9733,1.4088,0.6431,255.0,0.514,253.62,22.4544
"2001-07",1525.21,4350.9,852.4,267.53,24.5382,0.9664,1.2946,0.6047,330.0,0.504,255.79,22.071
"2001-08",1464.43,3895.7,828.1,272.39,25.6978,1.0322,1.3166,0.5692,362.0,0.5293,267.62,22.187
"2001-09",1426.33,3694.5,798.6,283.42,25.544,1.0243,1.2802,0.5351,310.0,0.4935,270.79,23.0245
"2001-10",1377.28,3750.7,761.5,283.06,20.4783,1.0849,1.2434,0.5124,277.0,0.4821,269.26,22.9929
"2001-11",1427.73,4041.8,772.9,276.16,18.9423,1.2316,1.2974,0.5221,323.0,0.467,264.05,22.2898
"2001-12",1471.74,4018.5,754.7,275.85,18.6047,1.3374,1.2505,0.5368,359.5,0.4794,265.21,22.5669
"2002-01",1503.96,3861.9,793.2,281.51,19.485,1.386,1.2842,0.5029,373.8,0.5388,262.52,23.0842
"2002-02",1561.9,3730.8,771.3,295.5,20.2915,1.4906,1.3034,0.5373,352.98,0.5831,220.54,23.8847
"2002-03",1604.88,3842.8,819.3,294.06,23.6905,1.5927,1.4213,0.6415,359.0,0.6814,221.06,23.9856
"2002-04",1590.33,4023.6,808.2,302.68,25.6541,1.5681,1.4425,0.6468,360.07,0.6422,223.56,24.6227
"2002-05",1595.68,4149.8,769.5,314.49,25.3873,1.6021,1.3536,0.6243,384.91,0.6814,225.66,25.4779
"2002-06",1647.53,4286.1,767.1,321.18,24.1279,1.6591,1.2912,0.6266,426.13,0.8314,236.97,26.1381
"2002-07",1589.46,4331.3,794.9,313.29,25.7678,1.8711,1.2452,0.6305,422.22,0.8128,242.61,25.5922
"2002-08",1479.55,3834.0,747.6,310.26,26.6329,1.9587,1.1964,0.6146,446.09,0.8306,236.83,25.0824
"2002-09",1478.71,3957.4,756.2,319.14,28.3424,2.1609,1.3375,0.7072,424.76,0.8955,235.65,25.6823
"2002-10",1483.76,4241.5,754.7,316.56,27.5487,2.2015,1.4491,0.7348,427.24,0.8313,237.33,25.424
"2002-11",1582.29,4230.0,765.3,319.07,24.1848,1.8118,1.5404,0.8358,465.02,0.8403,243.72,25.7024
"2002-12",1595.68,4236.8,797.7,331.92,28.521,2.0317,1.4145,0.8391,488.52,0.8496,245.86,26.6468
"2003-01",1647.66,4435.68,781.41,356.86,31.2467,2.1784,1.4456,0.9079,486.11,0.9031,260.18,28.4613
"2003-02",1683.8,4570.75,785.15,358.97,32.6485,2.282,1.4641,0.8966,476.95,0.94,263.93,28.563
"2003-03",1658.98,4604.52,790.95,340.55,30.339,1.9468,1.3614,0.8195,453.55,0.9458,264.7,27.2589
"2003-04",1587.47,4565.75,754.65,328.18,25.016,1.9242,1.4262,0.825,443.02,0.878,265.72,26.3395
"2003-05",1648.28,4736.75,775.65,355.68,25.8095,1.7355,1.4608,0.8333,453.82,0.837,283.4,28.3714
"2003-06",1686.5,4694.76,790.69,356.35,27.5457,1.5711,1.3457,0.7542,466.21,0.8443,285.7,28.2348
"2003-07",1710.0,4739.35,827.54,351.02,28.3983,1.5602,1.3878,0.7793,457.72,0.8752,278.59,28.191
"2003-08",1760.28,4822.5,817.88,359.77,29.8257,1.5523,1.4085,0.8003,439.36,0.9477,272.82,28.949
"2003-09",1789.52,4911.59,818.18,378.94,27.0982,1.6379,1.4641,0.8234,440.91,1.0869,274.81,30.3642
"2003-10",1920.54,5236.74,897.96,378.92,29.5904,1.4828,1.4176,0.791,515.07,1.2938,292.29,30.2597
"2003-11",2055.43,5362.75,914.52,389.91,28.772,1.5057,1.373,0.752,548.0,1.2621,298.33,31.1795
"2003-12",2201.29,6057.62,977.76,406.95,29.9267,1.6336,1.4299,0.7915,539.72,1.235,313.36,32.7814
"2004-01",2423.57,6485.0,1017.0,413.79,31.1752,1.6287,1.6034,0.8783,527.23,1.21,315.3,33.9334
"2004-02",2759.53,6672.75,1087.67,404.88,30.866,1.5688,1.6801,0.8168,564.13,1.2462,325.61,33.4917
"2004-03",3008.72,7619.78,1105.78,406.67,33.7991,1.504,1.7209,0.8091,583.52,1.2705,315.72,34.4514
"2004-04",2948.72,8955.75,1032.72,403.26,33.3623,1.4378,1.6632,0.8018,575.05,1.2718,308.72,34.1239
"2004-05",2733.5,9459.47,1028.29,383.78,37.9163,1.4196,1.6973,0.806,537.17,1.239,319.41,31.5387
"2004-06",2686.7,9204.77,1021.46,392.37,35.1914,1.4048,1.8124,0.879,471.2,1.196,323.17,32.0747
"2004-07",2808.43,9044.32,988.32,398.09,38.3705,1.5636,1.6521,0.7941,454.77,1.1458,326.55,32.8668
"2004-08",2846.09,9021.91,975.81,400.51,43.03,1.7283,1.6228,0.7476,458.14,1.1388,331.8,33.4252
"2004-09",2894.86,9019.55,975.18,405.27,43.3814,1.5453,1.7741,0.7549,468.09,1.145,339.29,33.4852
"2004-10",3012.24,9045.24,1064.95,420.46,49.8181,1.4803,1.7758,0.6982,451.26,1.2129,346.97,35.0865
"2004-11",3122.8,9070.45,1095.64,439.38,43.0536,1.6591,1.9901,0.7211,454.61,1.2163,360.91,36.6876
"2004-12",3145.45,8553.81,1180.21,442.08,39.6443,1.6579,2.2955,0.8095,446.2,1.1869,362.21,36.4639
"2005-01",3170.0,7735.75,1246.38,424.03,44.2833,1.5523,2.3625,0.8148,418.86,1.1875,353.97,34.9018
"2005-02",3253.7,8088.75,1326.17,423.35,45.557,1.6336,2.6645,0.9092,422.63,1.2163,351.44,35.2554
"2005-03",3379.49,8407.39,1372.15,433.85,53.0841,1.7551,2.9769,1.0915,458.13,1.2226,355.88,36.1136
"2005-04",3394.48,8143.81,1300.14,429.23,51.8571,1.5857,2.8556,1.1188,457.86,1.2095,323.49,35.7136
"2005-05",3249.1,8125.0,1243.62,421.87,48.6659,1.5082,2.8301,1.2361,450.0,1.2061,342.45,35.1583
"2005-06",3524.07,7618.86,1275.73,430.66,54.3068,1.5395,2.6711,1.3232,451.7,1.2669,328.28,36.0151
"2005-07",3614.21,7169.29,1194.43,424.48,57.579,1.4875,2.4235,1.276,454.52,1.4524,328.29,35.3316
"2005-08",3797.75,7188.86,1298.39,437.93,64.09,1.4809,2.3854,1.1457,448.48,1.4393,334.96,36.2542
"2005-09",3857.84,6783.86,1397.52,456.05,62.9818,1.5048,2.1934,1.0333,453.64,1.594,330.92,37.5509
"2005-10",4059.76,6422.86,1488.38,469.9,58.5219,1.4573,2.316,1.0479,467.5,1.6296,324.4,38.9496
"2005-11",4269.34,6160.0,1610.93,476.67,55.535,1.4433,2.3753,1.1343,466.7,1.5808,318.21,39.6336
"2005-12",4576.77,6713.5,1821.83,510.1,56.7475,1.5091,2.3318,1.2432,456.75,1.6313,320.12,42.4944
"2006-01",4734.33,7051.43,2090.31,549.86,63.5743,1.5731,2.7381,1.3975,459.05,1.7615,323.76,45.6021
"2006-02",4982.4,7826.25,2219.38,555.0,59.923,1.5461,2.6261,1.3885,473.9,1.9259,316.37,46.3313
"2006-03",5102.85,7939.56,2416.91,557.09,62.253,1.5451,2.5058,1.314,472.52,1.9127,306.51,47.2612
"2006-04",6387.78,8853.06,3084.78,610.65,70.4421,1.548,2.5446,1.3349,475.9,1.9409,312.91,52.8761
"2006-05",8045.86,8837.38,3565.69,675.39,70.1873,1.5964,2.411,1.3245,483.72,2.1543,325.62,58.0351
"2006-06",7197.61,7896.36,3225.68,596.14,68.8577,1.607,2.2741,1.3278,478.16,2.3492,309.93,50.4297
"2006-07",7712.1,8418.57,3339.86,633.71,73.8971,1.6791,2.3149,1.4218,499.21,2.3081,312.34,53.3074
"2006-08",7695.66,8502.05,3347.3,632.59,73.6122,1.6207,2.4632,1.6224,534.26,2.1357,317.07,54.1432
"2006-09",7602.36,9039.29,3403.02,598.19,62.7719,1.5688,2.4213,1.7,511.24,1.8115,314.99,51.3764
"2006-10",7500.39,9768.18,3822.95,585.78,58.38,1.5302,2.439,1.6572,514.18,1.7926,316.85,50.2712
"2006-11",7029.18,10079.09,4382.23,627.83,58.4832,1.5812,2.6956,1.6929,571.57,1.615,328.47,54.4361
"2006-12",6675.1,11158.68,4405.4,629.79,62.3147,1.7072,2.8316,1.6903,625.88,1.6454,336.93,54.7614
"2007-01",5669.66,11361.82,3786.68,631.17,54.2991,1.6985,2.7454,1.7445,637.59,1.9395,358.74,54.4898
"2007-02",5676.45,12933.25,3309.5,664.75,57.757,1.8154,2.6903,1.7434,645.2,2.1174,375.22,57.7446
"2007-03",6452.48,13892.95,3271.3,654.89,62.1436,1.924,2.5812,1.6976,660.93,2.0525,380.05,56.4662
"2007-04",7766.47,14052.9,3557.47,679.37,67.3984,1.978,2.5265,1.7544,743.45,2.165,387.91,58.6432
"2007-05",7681.42,14140.0,3831.26,667.31,67.4761,2.0039,2.4965,1.8499,816.09,2.2192,373.59,57.3873
"2007-06",7474.38,14099.76,3602.85,655.66,71.3162,2.017,2.6308,2.0432,833.19,2.1098,356.95,56.6147
"2007-07",7972.57,14737.84,3545.58,665.38,77.2041,2.1585,2.5933,2.0395,854.52,2.0401,364.85,57.0455
"2007-08",7513.5,15174.32,3252.52,665.41,70.7965,1.9052,2.7159,1.9277,830.65,2.0685,371.2,56.427
"2007-09",7648.98,15023.0,2881.4,712.65,77.127,1.9343,2.8228,2.0454,851.63,2.1111,378.67,59.9864
"2007-10",8008.44,16071.3,2975.33,754.6,82.8578,1.9115,2.9606,2.0084,926.2,2.2628,387.7,63.6472
"2007-11",6966.7,16691.82,2541.32,806.25,92.5282,1.9683,2.8881,2.0413,998.57,2.3732,422.05,67.9738
"2007-12",6587.67,16263.06,2353.08,803.2,91.45,2.1126,3.0331,2.0148,1002.22,2.4088,418.94,67.4964
"2008-01",7061.02,16337.27,2340.11,889.6,91.9205,2.2015,3.0834,2.1872,1122.15,2.5345,483.85,74.6761
"2008-02",7887.69,17210.0,2438.14,922.3,94.8167,2.5035,3.4676,2.5452,1268.63,2.7213,545.69,79.1611
"2008-03",8439.29,19803.95,2511.47,968.43,103.28,2.7265,3.3045,2.6879,1377.22,2.6961,562.84,83.786
"2008-04",8684.93,21658.64,2263.8,909.71,110.19,2.6075,3.1019,2.4535,1320.11,2.7039,558.94,78.2735
"2008-05",8382.75,24062.25,2182.1,888.66,123.94,2.6842,3.1295,2.4004,1326.45,2.9603,552.27,76.654
"2008-06",8260.59,22229.29,1894.48,889.49,133.05,3.0012,3.2221,2.4546,1293.21,3.171,552.13,76.594
"2008-07",8414.04,23139.35,1852.37,939.77,133.87,2.9672,3.2487,2.5404,1213.48,3.196,559.62,80.5137
"2008-08",7634.7,20026.25,1723.28,839.02,113.85,2.8158,3.2282,2.4815,963.57,2.9138,554.09,70.0682
"2008-09",6990.86,18368.86,1735.48,829.93,99.0641,2.6957,3.1586,2.3232,826.02,2.8073,531.67,66.8312
"2008-10",4925.7,14401.74,1302.11,806.62,72.8426,2.2739,2.7247,1.957,635.75,1.8623,492.92,62.903
"2008-11",3717.0,13643.5,1152.6,760.86,53.241,2.0546,2.6872,2.0009,581.25,1.6161,451.99,59.3082
"2008-12",3071.98,11240.0,1100.57,816.09,41.5809,2.3939,2.6228,1.819,587.24,1.1773,476.62,63.21
"2009-01",3220.69,11372.86,1187.4,858.69,44.86,2.6259,2.8285,1.8241,658.55,1.4079,470.23,67.0582
"2009-02",3314.72,11039.25,1112.08,943.0,43.2425,2.6475,2.8545,1.7685,655.66,1.2977,421.9,74.6027
"2009-03",3749.75,10675.91,1216.75,924.27,46.8391,2.51,2.8334,1.6823,660.48,1.2775,388.23,73.2342
"2009-04",4406.55,11743.5,1378.85,890.2,50.8452,2.5552,2.9736,1.6651,799.7,1.483,382.51,70.6416
"2009-05",4568.63,13793.42,1483.79,928.64,57.941,2.4809,3.3288,1.6671,872.61,1.5616,395.36,74.4219
"2009-06",5013.95,14985.68,1557.27,945.67,68.6168,2.7004,3.3023,1.6268,788.57,1.5268,406.46,76.3149
"2009-07",5215.54,14038.91,1578.61,934.23,64.91,2.7913,3.1063,1.5803,698.48,1.5955,408.55,74.2606
"2009-08",6165.3,14869.75,1821.67,949.38,72.5048,2.9566,3.3016,1.595,746.05,1.8389,413.77,76.3251
"2009-09",6196.43,14869.09,1884.02,996.59,67.6868,3.1429,3.2745,1.6275,703.85,2.0666,422.3,81.3237
"2009-10",6287.98,15008.86,2071.59,1043.16,73.1941,3.3726,3.4077,1.6206,724.66,2.2637,444.48,85.1667
"2009-11",6675.6,14942.38,2193.38,1127.04,77.0367,3.3841,3.3557,1.5318,763.33,2.4888,451.15,91.1824
"2009-12",6981.71,15546.91,2375.95,1134.72,74.6695,3.4976,3.4868,1.5407,821.81,2.7942,452.72,91.5776
"2010-01",7386.25,17714.75,2434.45,1117.96,76.373,3.5252,3.5031,1.545,830.88,3.0372,442.44,90.8586
"2010-02",6848.18,16361.75,2156.9,1095.41,74.312,3.2765,3.4802,1.4965,830.0,3.0808,424.27,87.5874
"2010-03",7462.83,17549.35,2275.07,1113.34,79.2748,3.0898,3.6266,1.4826,862.83,3.1763,427.57,90.0454
"2010-04",7745.07,18683.5,2366.68,1148.69,84.9786,3.2212,3.7311,1.5767,862.71,3.2806,429.65,93.4154
"2010-05",6837.68,17566.05,1968.37,1205.43,76.251,3.1784,3.8202,1.5567,855.31,2.887,403.49,97.1939
"2010-06",6499.3,17319.77,1742.84,1232.92,74.8382,3.2309,4.2086,1.6958,825.68,2.9001,390.78,98.814
"2010-07",6735.25,18191.36,1843.89,1192.97,74.7355,3.2295,4.48,1.8799,844.43,2.9264,421.37,95.7555
"2010-08",7283.95,20754.76,2044.57,1215.81,76.6932,3.0717,4.6648,1.8228,943.73,3.1426,425.61,97.6384
"2010-09",7709.3,22701.14,2151.41,1270.98,77.7868,2.875,4.9099,1.7919,948.88,3.3625,432.02,103.28
"2010-10",8292.41,26342.62,2372.14,1342.02,82.9181,2.9275,4.7981,1.8799,1025.83,3.848,458.88,110.66
"2010-11",8469.89,25519.09,2291.68,1369.89,85.67,2.9103,5.1473,2.0291,1131.36,4.2383,450.17,115.39
"2010-12",9147.26,26163.33,2280.93,1390.55,91.7965,3.06,5.4712,2.0743,1234.64,4.6894,436.49,119.36
"2011-01",9555.7,27465.25,2371.55,1360.46,96.2943,3.165,5.8151,2.2287,1303.57,5.332,441.28,116.83
"2011-02",9867.6,31526.0,2465.12,1374.68,103.96,3.4723,6.3469,2.4108,1327.21,5.5811,450.84,119.95
"2011-03",9503.36,30590.93,2341.48,1423.26,114.44,3.3929,6.439,2.6043,1241.74,4.8395,462.6,127.65
"2011-04",9492.79,32363.31,2362.22,1480.89,123.07,3.1343,6.6165,2.5876,1219.61,4.9707,477.55,137.83
"2011-05",8959.9,28676.45,2167.35,1512.58,114.46,3.0708,6.4174,2.6892,1230.12,4.5226,487.24,134.79
"2011-06",9066.85,25519.68,2234.47,1529.36,113.76,3.0157,6.0623,2.6003,1192.38,4.5247,504.01,134.37
"2011-07",9650.46,27398.1,2397.75,1572.75,116.46,3.1672,5.9088,2.4853,1183.45,4.5618,521.63,139.1
"2011-08",9000.76,24042.43,2200.17,1759.01,110.08,3.0644,5.9622,2.4707,1205.48,4.6176,523.28,153.29
"2011-09",8300.14,22526.6,2075.22,1772.14,110.88,2.8739,6.0601,2.3382,1137.25,4.5162,500.43,151.97
"2011-10",7394.19,21868.64,1871.42,1666.43,109.47,2.6802,5.4635,2.1627,1044.75,4.0849,500.98,139.01
"2011-11",7581.02,21291.7,1935.32,1739.0,110.5,2.5274,5.4033,2.1438,1113.38,3.3303,481.14,144.79
"2011-12",7565.48,19375.01,1904.73,1639.97,107.91,2.1969,5.2186,2.1696,1121.5,3.3469,466.73,135.6
"2012-01",8040.47,21438.63,1981.86,1654.05,111.16,2.3076,5.2295,2.1323,1123.5,3.5038,458.31,136.91
"2012-02",8441.49,24293.31,2057.79,1744.82,119.7,2.3562,4.9419,2.2472,1146.25,3.7788,466.62,146.28
"2012-03",8470.78,22985.43,2035.92,1675.95,124.93,2.3592,4.437,2.2833,1195.34,3.7815,465.78,140.78
"2012-04",8289.48,22200.62,2002.14,1649.2,120.46,2.2668,4.2207,2.2443,1233.61,3.6649,464.02,137.6
"2012-05",7955.64,20405.24,1936.0,1589.04,110.52,2.3139,4.0708,2.3563,1125.0,3.3764,451.47,130.91
"2012-06",7423.02,19271.07,1858.7,1598.76,95.589,2.2642,3.719,2.3303,1027.74,2.863,442.3,130.78
"2012-07",7584.26,18546.09,1847.75,1594.29,103.14,2.3498,4.1987,2.3603,1052.84,2.8929,430.25,129.94
"2012-08",7515.53,18772.62,1818.16,1630.31,113.34,2.5123,3.8542,2.3484,1022.38,2.5951,431.03,133.57
"2012-09",8087.74,20771.26,2009.85,1744.81,113.38,2.6203,3.9458,2.3137,1001.38,2.7628,447.36,145.71
"2012-10",8062.03,21233.7,1903.96,1746.58,111.97,2.4635,3.821,2.3032,886.0,2.9538,450.7,145.45
"2012-11",7711.23,20713.07,1912.4,1721.64,109.71,2.4782,3.5254,2.1533,863.18,2.8003,449.35,143.35
"2012-12",7966.49,22880.89,2040.43,1684.76,109.68,2.4103,3.3673,2.1294,843.55,2.896,459.45,140.18
"2013-01",8047.36,24545.9,2032.2,1671.85,112.97,2.2754,3.4676,2.1978,884.52,3.0432,465.57,138.71
"2013-02",8060.93,24211.74,2128.69,1627.57,116.52,2.1977,3.295,2.2935,919.58,3.0443,466.86,135.28
"2013-03",7645.58,23296.52,1926.07,1593.09,109.24,2.1534,3.3021,2.3426,891.5,2.8002,436.19,131.46
"2013-04",7234.28,21662.25,1856.0,1487.86,102.88,2.2945,3.3027,2.2417,874.17,2.4986,455.89,121.37
"2013-05",7249.41,20775.83,1831.55,1414.03,103.03,2.3429,3.2449,2.1864,879.47,2.5129,454.24,114.46
"2013-06",7000.24,20267.4,1839.01,1343.35,103.11,2.2836,3.0481,2.0015,876.88,2.3258,462.03,108.07
"2013-07",6906.64,19563.83,1837.62,1285.52,107.72,2.3087,3.0509,2.099,827.09,2.2426,458.32,103.02
"2013-08",7192.92,21644.43,1898.82,1351.74,110.96,2.4836,2.9796,2.0726,819.29,2.3796,466.17,109.48
"2013-09",7159.27,22735.07,1846.88,1348.6,111.62,2.6161,2.9163,1.9351,826.25,2.4224,467.66,109.83
"2013-10",7203.02,23101.59,1884.84,1316.58,109.48,2.7307,2.8373,1.8453,859.66,2.3187,477.37,107.1
"2013-11",7070.65,22826.88,1866.42,1275.86,108.08,2.7552,2.69,1.7572,904.05,2.3024,472.42,103.43
"2013-12",7214.9,22762.12,1974.97,1221.51,110.67,2.8245,2.7772,1.9376,886.25,2.3125,479.62,98.8284
"2014-01",7291.47,22063.86,2036.93,1244.27,107.42,2.8194,2.9262,1.9341,862.63,2.1442,476.78,100.6
"2014-02",7149.21,22820.67,2034.53,1299.58,108.81,2.9928,3.8281,2.1142,904.34,1.9011,478.13,105.0
"2014-03",6650.04,23024.31,2007.9,1336.08,107.4,3.0417,4.7199,2.323,953.81,1.929,483.81,107.28
"2014-04",6673.56,23405.2,2027.21,1298.45,107.79,3.0506,4.9269,2.327,926.63,1.7757,483.52,103.93
"2014-05",6891.13,23271.25,2058.97,1288.74,109.68,3.03,4.7223,2.2705,898.42,1.6931,480.9,103.0
"2014-06",6821.14,22762.0,2128.1,1279.1,111.87,3.1743,4.3627,2.1806,861.88,1.7113,475.69,102.89
"2014-07",7113.38,22424.01,2310.62,1310.59,106.98,3.196,4.3409,2.2441,853.69,1.7004,474.0,105.94
"2014-08",7001.84,22231.05,2326.99,1295.13,101.92,3.2703,4.6952,2.2101,778.69,1.6661,466.1,103.75
"2014-09",6872.22,21090.52,2294.59,1236.55,97.34,3.2148,4.6414,2.2161,760.75,1.5319,451.81,98.5693
"2014-10",6737.48,19830.41,2276.83,1222.49,87.27,3.1008,4.9668,2.3082,764.4,1.5061,443.49,96.3401
"2014-11",6712.85,20033.47,2253.22,1175.33,78.44,2.9091,4.616,2.2721,764.75,1.537,436.59,92.1153
"2014-12",6446.45,19829.71,2175.76,1200.62,62.33,2.947,4.3391,2.1973,719.64,1.4711,431.17,94.0451
"2015-01",5830.54,19454.12,2113.05,1250.75,48.07,2.9159,4.1888,2.1607,719.64,1.4198,407.61,98.1685
"2015-02",5729.27,18233.91,2097.76,1227.08,57.93,2.9617,3.9438,2.1685,723.04,1.4293,397.5,96.1509
"2015-03",5939.67,17421.91,2028.73,1178.63,55.79,2.877,3.5437,2.0318,698.86,1.4297,379.19,92.4404
"2015-04",6042.09,15900.88,2212.72,1198.93,59.39,2.8683,3.6156,2.0296,682.75,1.4071,377.75,93.8505
"2015-05",6294.78,15803.59,2281.8,1198.63,64.56,3.096,3.4939,1.9304,697.35,1.5501,390.77,94.2714
"2015-06",5833.01,15064.94,2082.09,1181.5,62.34,3.2395,3.5221,1.9897,705.91,1.5829,392.45,92.3662
"2015-07",5456.75,15071.53,2000.68,1128.31,55.87,3.326,3.405,1.9207,680.0,1.4531,385.14,87.8655
"2015-08",5127.3,15163.77,1807.64,1117.93,46.99,3.1539,3.4595,1.8911,601.38,1.314,389.8,87.0497
"2015-09",5217.25,15453.34,1720.23,1124.77,47.24,3.2784,3.2221,1.7968,599.5,1.2393,393.01,87.2646
"2015-10",5216.09,15794.61,1724.34,1159.25,48.12,3.1973,3.3786,1.825,636.67,1.2424,393.3,90.4788
"2015-11",4799.9,14745.29,1583.31,1086.44,44.42,3.3608,3.2624,1.8021,608.21,1.161,375.87,84.3887
"2015-12",4638.83,14691.69,1527.79,1075.74,37.72,3.3457,3.2774,1.7478,607.38,1.1611,380.56,83.352
"2016-01",4471.79,13808.08,1520.36,1097.91,30.8,2.9524,3.1974,1.6471,611.63,1.0829,380.2,84.7312
"2016-02",4598.62,15610.14,1709.85,1199.5,33.2,2.9164,3.2562,1.6323,679.17,1.0963,388.43,92.3113
"2016-03",4953.8,16897.6,1801.69,1245.14,39.07,3.0735,3.4723,1.6667,715.95,1.2835,388.88,95.5888
"2016-04",4872.74,17032.71,1855.37,1242.26,42.25,3.0785,3.4,1.7677,775.0,1.4886,396.73,96.3005
"2016-05",4694.54,16706.95,1869.03,1260.95,47.13,3.0987,3.4213,1.8503,753.42,1.3583,395.81,98.124
"2016-06",4641.97,16966.69,2026.19,1276.4,48.48,3.1208,3.6475,1.8947,718.18,1.2641,393.15,99.3185
"2016-07",4864.9,17826.23,2183.25,1336.66,45.07,3.05,3.7867,2.0022,678.16,1.2816,387.35,105.9
"2016-08",4751.67,18427.02,2279.14,1340.17,46.14,3.0325,3.6936,2.0236,771.02,1.2973,392.31,105.81
"2016-09",4722.2,19499.52,2292.31,1326.61,46.19,2.8812,3.8867,2.1358,797.85,1.3577,392.42,104.58
"2016-10",4731.26,20099.76,2311.5,1266.55,49.73,2.7113,3.9454,2.2851,749.75,1.4766,386.01,98.9885
"2016-11",5450.93,21126.09,2566.2,1238.35,46.44,2.4785,4.0591,2.2866,766.93,1.6586,378.31,96.9562
"2016-12",5660.35,21204.35,2664.81,1157.36,54.07,2.2953,3.5666,2.2454,811.38,1.928,369.25,90.821
"2017-01",5754.56,20691.79,2714.8,1192.1,54.89,2.1941,3.7172,2.388,825.0,2.1623,371.6,93.5767
"2017-02",5940.91,19446.47,2845.55,1234.2,55.49,2.0341,3.6674,2.3477,808.61,2.2329,372.44,97.2936
"2017-03",5824.63,19875.2,2776.88,1231.42,51.97,2.0638,3.5307,2.353,778.7,1.966,374.05,96.7422
"2017-04",5683.9,19910.32,2614.92,1266.88,52.98,1.9612,3.426,2.2835,752.06,1.6543,374.95,99.368
"2017-05",5599.56,20200.33,2590.21,1246.04,50.87,1.9835,3.3069,2.1685,762.75,1.5306,386.75,96.7721
"2017-06",5719.76,19658.84,2573.4,1260.26,46.89,1.9983,3.1575,2.2476,735.14,1.4397,392.94,97.851
"2017-07",5985.12,20223.48,2787.19,1236.84,48.69,1.9886,3.2994,2.3135,720.48,1.5166,402.75,95.6075
"2017-08",6485.63,20521.0,2980.73,1283.04,51.37,1.9886,3.3043,2.3043,717.95,1.5462,413.25,99.4032
"2017-09",6577.17,20796.62,3116.86,1314.07,55.16,1.9983,3.2311,2.1865,754.25,1.6082,417.2,101.81
"2017-10",6807.6,20376.09,3264.6,1279.51,57.62,2.097,3.1021,2.1691,746.79,1.4569,411.56,99.0633
"2017-11",6826.55,19557.52,3229.31,1281.9,62.57,2.1279,3.1063,2.0135,728.86,1.4286,410.87,99.2755
"2017-12",6833.89,19476.37,3195.95,1264.45,64.21,1.9177,3.0296,1.931,679.17,1.46,414.33,97.3496
"2018-01",7065.85,20696.91,3441.52,1331.3,68.99,1.9518,3.0602,1.9544,703.45,1.5021,426.69,102.67
"2018-02",7006.52,21651.55,3532.9,1330.73,65.42,2.1228,3.0045,1.9674,709.44,1.4618,432.53,102.11
"2018-03",6799.18,21211.94,3269.18,1324.66,66.45,2.504,2.9769,1.944,706.19,1.4405,431.69,101.56
"2018-04",6851.51,21291.1,3188.05,1334.76,71.63,2.6247,2.9617,1.9469,701.18,1.3914,429.73,102.3
"2018-05",6825.27,20858.83,3059.87,1303.45,76.65,2.6599,2.9897,1.9564,687.15,1.4392,413.88,100.13
"2018-06",6965.86,20660.52,3088.57,1281.57,75.19,2.4108,2.9549,1.8975,656.5,1.3806,408.8,98.7448
"2018-07",6250.75,19729.8,2656.13,1237.71,74.44,2.3571,2.8792,1.8611,616.14,1.3112,408.83,95.0827
"2018-08",6051.05,19228.77,2512.0,1201.71,73.13,2.1716,2.7604,1.78,614.75,1.3399,404.11,92.0495
"2018-09",6050.76,18967.13,2434.68,1198.39,78.86,2.1949,2.6716,1.6909,605.15,1.3341,408.06,91.1667
"2018-10",6219.59,19121.48,2673.67,1215.39,80.47,2.1342,3.0278,1.881,589.8,1.3172,402.05,92.6029
"2018-11",6195.92,19064.86,2595.69,1220.65,65.17,2.185,3.0228,1.8413,539.1,1.2346,397.67,92.741
"2018-12",6075.32,19259.58,2616.29,1250.4,56.46,2.2084,2.8021,1.7101,535.02,1.2614,398.55,94.9122
"2019-01",5939.1,20457.75,2569.7,1291.75,59.27,2.2633,2.8321,1.7249,584.58,1.3562,399.74,98.3709
"2019-02",6300.49,21263.95,2707.19,1320.07,64.13,2.2558,2.8318,1.7339,602.97,1.3987,397.32,100.37
"2019-03",6439.46,21393.4,2850.6,1300.9,66.41,2.2005,2.7313,1.6967,573.02,1.4705,395.75,98.7174
"2019-04",6438.36,20604.3,2932.65,1285.91,71.2,2.3311,2.6705,1.6155,588.45,1.5036,393.44,97.6294
"2019-05",6017.9,19523.9,2742.81,1283.7,70.53,2.3151,2.6577,1.5679,564.4,1.4958,391.48,97.0104
"2019-06",5882.23,19193.2,2601.22,1359.04,63.3,2.4077,2.8601,1.6319,552.19,1.5012,395.22,102.1
"2019-07",5941.2,17977.85,2446.51,1412.89,64.0,2.4165,2.9866,1.6299,543.88,1.4112,392.7,106.3
"2019-08",5709.44,16608.99,2273.01,1500.41,59.25,2.1947,2.7829,1.5602,586.12,1.3102,389.41,113.23
"2019-09",5759.25,16830.62,2331.56,1510.58,62.33,2.3054,2.8415,1.5573,580.3,1.335,385.28,114.93
"2019-10",5757.3,16603.39,2451.65,1494.81,59.37,2.4353,2.7996,1.513,591.35,1.2978,386.86,113.35
"2019-11",5859.95,16335.48,2425.48,1470.79,62.74,2.5197,3.1081,1.6155,685.41,1.3857,386.89,111.38
"2019-12",6077.06,17141.05,2272.54,1479.13,65.85,2.4447,3.4551,1.6144,763.73,1.4594,388.92,111.93
"2020-01",6031.21,17029.18,2354.31,1560.67,63.6,2.6031,3.1347,1.5554,810.07,1.466,388.68,118.03
"2020-02",5687.75,16480.3,2113.24,1597.1,55.0,2.7162,2.9873,1.5007,728.81,1.3412,381.81,120.2
"2020-03",5182.63,15290.91,1903.63,1591.93,32.98,2.3385,3.2701,1.4872,636.25,1.2095,387.24,116.65
"2020-04",5057.97,14952.8,1903.37,1683.17,23.34,2.2702,3.4066,1.4101,608.88,1.1067,380.38,122.6
"2020-05",5239.83,15401.92,1975.32,1715.91,31.02,2.316,3.3034,1.4226,576.56,1.1178,381.57,125.87
"2020-06",5754.6,16837.84,2025.71,1732.22,39.93,2.2286,3.12,1.4246,656.49,1.1731,393.93,128.34
"2020-07",6372.46,17469.92,2177.2,1846.51,42.81,2.1017,3.2359,1.4923,694.16,1.2003,401.13,138.44
"2020-08",6498.94,17650.03,2410.05,1968.63,44.26,2.3487,3.599,1.6023,760.3,1.3214,413.98,152.33
"2020-09",6704.9,17951.26,2442.46,1921.92,41.09,2.4579,3.672,1.6043,796.22,1.3705,412.79,148.11
"2020-10",6713.81,18176.59,2440.65,1900.27,40.47,2.2921,3.3523,1.5071,819.27,1.5285,411.95,145.25
"2020-11",7068.91,18522.48,2671.6,1866.3,43.23,2.3582,3.323,1.5957,917.81,1.5592,414.26,143.02
"2020-12",7772.24,19731.96,2779.85,1858.42,49.87,2.4072,3.4791,1.5882,1016.37,1.5724,425.85,143.59
"2021-01",7972.15,21920.24,2705.34,1866.98,54.55,2.3914,3.5424,1.5593,990.27,1.5943,426.12,145.12
"2021-02",8470.94,26315.75,2744.5,1808.17,61.96,2.4054,3.6691,1.6175,1019.86,1.6803,423.39,142.95
"2021-03",8988.25,27061.0,2791.94,1718.23,65.19,2.4613,3.6828,1.6283,1030.48,1.7435,416.61,135.64
"2021-04",9324.82,28328.42,2829.01,1760.04,64.77,2.3683,3.7181,1.6416,1078.05,1.6424,418.53,138.39
"2021-05",10161.97,32246.21,2965.73,1850.26,68.04,2.4129,4.1107,1.7566,1136.46,1.6913,425.18,145.84
"2021-06",9631.5,32502.55,2951.85,1834.57,73.07,2.3662,4.243,1.8702,1004.42,1.6381,421.75,144.18
"2021-07",9450.82,34020.18,2947.52,1807.84,74.39,2.3271,4.5038,2.0805,1062.99,1.6312,413.77,141.17
"2021-08",9370.14,35024.0,2987.95,1785.28,70.02,2.4843,4.7673,2.0984,1141.82,1.7064,412.02,137.99
"2021-09",9324.71,34887.3,3036.02,1775.14,74.6,2.5581,4.9723,2.306,1181.38,1.6255,412.02,136.52
"2021-10",9829.22,37722.92,3359.91,1776.85,83.65,2.5676,5.3145,2.3201,1310.25,1.7317,406.04,136.93
"2021-11",9728.9,39158.69,3311.27,1821.76,80.77,2.3933,5.7091,2.4119,1340.65,1.7448,399.56,140.54
"2021-12",9551.18,39422.52,3399.21,1790.43,74.31,2.3824,5.9101,2.4837,1270.29,1.7222,395.61,136.82
"2022-01",9782.34,41791.7,3599.14,1816.02,85.53,2.4674,5.9763,2.4251,1344.79,1.7791,396.2,139.13
"2022-02",9943.17,43983.35,3620.04,1856.3,95.76,2.5509,6.1692,2.4125,1522.36,1.7905,397.0,142.16
"2022-03",10230.89,43949.67,3962.21,1947.83,115.59,2.459,5.6985,2.2888,1776.96,1.7454,385.67,149.63
"2022-04",10161.38,42991.11,4360.43,1936.86,105.78,2.4554,5.8541,2.291,1682.74,1.7027,378.84,148.05
"2022-05",9377.15,35769.39,3751.48,1848.5,112.37,2.3666,5.7413,2.273,1716.92,1.6174,370.26,139.94
"2022-06",9024.46,31559.31,3629.73,1836.57,120.08,2.3223,6.0338,2.2886,1501.1,1.6362,370.09,138.85
"2022-07",7544.81,25395.77,3105.36,1732.74,108.92,2.2391,5.6392,2.2121,1056.64,1.5561,356.48,129.75
"2022-08",7981.84,24647.48,3587.57,1764.56,98.6,2.3232,5.9179,2.4174,1025.95,1.4623,354.51,132.46
"2022-09",7746.01,21124.04,3124.97,1680.78,90.16,2.2985,5.8971,2.4551,909.32,1.3227,346.85,126.35
"2022-10",7651.08,19391.17,2967.21,1664.45,93.13,2.309,5.2929,2.271,888.99,1.2885,343.98,125.84
"2022-11",8049.86,21249.5,2938.92,1725.07,91.07,2.412,4.7155,2.0413,945.74,1.27,356.89,131.33
"2022-12",8375.4,24172.37,3129.48,1797.55,80.9,2.5123,4.6295,2.0454,940.39,1.3461,370.55,138.15
"2023-01",9037.95,28154.14,3309.81,1897.71,83.09,2.6247,4.5583,2.116,941.97,1.4117,377.12,144.91
"2023-02",8936.59,26862.9,3133.84,1854.54,82.71,2.6527,5.0647,2.2913,949.98,1.4012,375.13,140.34
"2023-03",8856.31,23999.96,2967.46,1912.73,78.53,2.7476,4.9022,2.3477,972.06,1.3574,374.68,144.12
"2023-04",8809.42,25793.75,2767.56,1999.77,84.11,2.8832,5.0609,2.5507,1005.24,1.3581,383.81,152.66
"2023-05",8217.47,25533.8,2475.7,1992.13,75.7,2.9648,4.8528,2.7018,934.06,1.3505,380.52,151.5
"2023-06",8396.52,27216.68,2375.45,1942.9,74.89,3.1729,4.5722,2.913,816.97,1.3188,379.37,147.39
"2023-07",8476.68,28743.14,2404.65,1951.02,80.1,3.3875,4.2657,2.8127,878.5,1.2992,387.06,148.65
"2023-08",8349.13,26074.87,2406.72,1918.7,86.163,3.4596,4.1167,2.7474,860.82,1.2924,381.88,145.77
"2023-09",8276.71,25573.93,2495.5,1915.95,94.0,3.6082,4.0459,2.7313,829.6,1.4182,374.01,145.28
"2023-10",7937.18,24536.07,2448.56,1916.25,91.061,3.6301,4.0477,2.62,804.26,1.4481,369.67,144.56
"2023-11",8189.59,24167.86,2543.61,1984.11,83.183,4.0277,4.3471,2.7035,830.47,1.4801,378.14,149.94
"2023-12",8399.94,24600.26,2502.39,2026.18,77.858,4.2089,4.6465,2.9866,813.51,1.4568,382.02,153.04
"2024-01",8338.88,25099.84,2515.42,2034.04,80.227,4.3976,4.4732,3.2639,844.9,1.5299,381.71,152.61
"2024-02",8304.95,26104.1,2360.09,2023.24,83.764,5.5557,4.6028,3.3781,856.93,1.5589,377.72,151.62
"2024-03",8689.13,27450.46,2461.04,2158.01,85.447,7.0889,4.605,3.6564,942.92,1.6498,380.42,161.96
"2024-04",9464.43,31774.5,2732.74,2331.45,90.054,9.74,5.2743,4.2335,935.69,1.6294,375.58,175.83
"2024-05",10139.33,32977.51,2959.13,2351.13,81.995,7.538,5.0832,4.0422,859.15,1.6934,378.25,178.99
"2024-06",9648.17,32032.7,2809.19,2326.44,82.555,8.2717,5.4761,4.5043,873.67,1.7532,376.6,177.56
"2024-07",9385.31,31860.47,2777.27,2398.2,85.296,7.0892,5.6681,4.7338,896.09,1.6503,379.57,182.29
"2024-08",8971.96,31491.65,2714.08,2470.15,80.863,6.8781,5.7638,4.7329,932.63,1.7374,385.38,185.63
"2024-09",9237.48,31471.69,2837.02,2570.55,74.293,6.5238,6.1247,5.3303,982.83,1.9068,388.75,193.55
"2024-10",9533.99,32012.43,3105.77,2690.08,75.662,6.6574,6.1017,4.8923,1077.25,2.0093,381.71,203.36
"2024-11",9075.73,29654.89,3004.2,2651.13,74.395,7.8948,6.7237,4.9849,1168.59,1.9321,371.98,199.57
"2024-12",8916.32,28864.99,3034.16,2648.01,73.833,10.3205,7.5693,5.219,1189.73,1.9937,366.49,199.01
