"['Year', 'Année']","['Copper, $/t', 'Cuivre, $/t']","['Tin, $/t', 'Étain, $/t']","['Zinc, $/t', 'Zinc, $/t']","['Gold, $/toz', 'Or, $/once']","['Brent, $/bbl', 'Brent, $/baril']","['Cocoa, $/kg', 'Cacao, $/kg']","['Coffee arabica, $/kg', 'Café arabica, $/kg']","['Coffee robusta, $/kg', 'Café robusta, $/kg']","['Palm oil, $/t', 'Huile de palme, $/t']","['Rubber TSR20, $/kg', 'Caoutchouc TSR20, $/kg']","['Logs Africa, $/cum', 'Grumes Afrique, $/m3']","['Precious metals, 2010=100', 'Métaux précieux, 2010=100']"
1960,678.76,2196.73,246.19,35.27,1.63,0.589,0.9235,0.6959,224.42,None,None,3.2687
1961,633.08,2449.89,214.31,35.25,1.57,0.4786,0.8955,0.6694,228.42,None,None,3.2776
1962,645.14,2471.38,185.93,35.23,1.52,0.458,0.8326,0.6822,216.24,None,None,3.4259
1963,645.95,2507.73,211.51,35.09,1.5,0.5523,0.8057,0.6235,222.39,None,None,3.5953
1964,969.75,3412.74,326.49,35.1,1.45,0.5057,1.0098,0.7871,239.45,None,None,3.6244
1965,1292.84,3890.78,311.25,35.12,1.42,0.3653,1.0004,0.6783,272.52,None,None,3.6451
1966,1531.51,3573.51,281.11,35.13,1.36,0.5176,0.9287,0.7391,235.64,None,None,3.6492
1967,1134.77,3308.03,273.33,34.95,1.33,0.5981,0.8642,0.7391,223.45,None,None,3.8999
1968,1241.95,3126.88,262.89,38.925,1.32,0.7209,0.867,0.7463,168.83,None,None,4.7259
1969,1467.34,3427.45,286.41,41.0833,1.27,0.8977,0.8767,0.7297,181.11,None,None,4.5447
1970,1415.7,3673.45,295.82,35.9417,1.21,0.675,1.1466,0.9136,260.05,None,42.99,4.2164
1971,1081.42,3511.97,309.28,40.8042,1.69,0.538,0.9919,0.9316,260.94,None,44.43,4.2945
1972,1057.67,3739.96,377.69,58.1592,1.82,0.644,1.1096,0.9961,217.26,None,52.48,5.5356
1973,1785.36,4802.2,845.33,97.3258,2.8075,1.131,1.3735,1.0999,377.54,None,133.47,8.8946
1974,2058.5,8184.27,1239.58,159.25,10.975,1.561,1.4515,1.2935,669.05,None,120.43,14.9145
1975,1234.75,6876.57,745.17,161.03,10.4325,1.246,1.4421,1.3459,434.17,None,126.57,14.7251
1976,1400.75,7585.54,711.42,124.82,11.63,2.0457,3.1467,2.8134,406.53,None,142.34,12.345
1977,1308.75,10804.45,589.67,147.72,12.565,3.7901,5.1689,4.9329,530.02,None,158.77,14.0607
1978,1364.83,12875.21,593.92,193.24,12.9167,3.4032,3.59,3.2512,600.33,None,191.28,17.8956
1979,1985.26,15447.41,741.67,306.67,32.1125,3.2928,3.8261,3.6519,653.83,None,211.53,30.808
1980,2182.09,16774.88,761.22,607.86,37.8917,2.6035,3.4663,3.2432,583.69,None,251.69,59.5377
1981,1741.95,14159.12,845.65,459.75,36.6758,2.0795,2.8686,2.2402,570.67,None,212.79,40.0
1982,1480.44,12825.8,744.78,375.8,33.4183,1.7356,3.0876,2.4236,445.08,None,175.92,31.9882
1983,1591.92,12987.97,764.33,422.53,29.8292,2.1199,2.9113,2.7316,501.43,None,160.77,38.4347
1984,1377.32,12233.49,921.93,360.48,28.8017,2.396,3.1887,3.0368,728.83,None,175.64,31.2764
1985,1417.38,11539.04,783.44,317.91,27.3292,2.2544,3.2308,2.6486,500.58,None,173.88,26.5335
1986,1373.78,6161.37,754.03,367.69,14.7708,2.0696,4.2926,3.2448,257.0,None,221.64,29.4124
1987,1782.5,6664.83,798.79,446.47,18.3417,1.9942,2.505,2.2483,342.58,None,258.92,36.0767
1988,2601.67,7051.63,1241.51,437.05,14.9708,1.5846,3.0337,2.0792,437.17,None,271.32,34.9758
1989,2848.41,8534.43,1658.77,381.43,18.2167,1.241,2.3873,1.6556,350.42,None,273.76,30.4396
1990,2661.48,6085.38,1513.46,383.47,23.6833,1.2667,1.9722,1.1817,289.75,None,343.46,29.8583
1991,2338.78,5595.04,1116.99,362.18,20.0667,1.1951,1.8734,1.0719,339.0,None,316.05,27.5768
1992,2281.16,6101.02,1239.78,343.73,19.3125,1.0996,1.4119,0.9404,393.5,None,331.28,26.2731
1993,1913.08,5161.14,961.98,359.77,17.0208,1.1169,1.5602,1.1574,377.75,None,310.32,27.6614
1994,2307.42,5463.85,997.73,384.01,15.83,1.396,3.3076,2.6197,528.42,None,330.26,30.1819
1995,2935.61,6213.81,1031.12,384.16,17.0658,1.4324,3.3323,2.7707,628.25,None,339.51,30.1511
1996,2294.86,6165.07,1025.14,387.7,20.65,1.4556,2.6942,1.8059,530.92,None,284.32,30.321
1997,2276.77,5646.77,1316.12,331.1,19.0902,1.6187,4.1679,1.7361,545.83,None,284.75,26.444
1998,1654.06,5540.33,1024.47,294.16,12.7165,1.6764,2.9813,1.8226,671.08,None,286.4,24.6575
1999,1572.86,5403.62,1076.34,278.77,17.8083,1.1353,2.2906,1.4888,436.0,0.5911,269.27,23.3743
2000,1813.47,5435.71,1128.13,279.03,28.2729,0.9058,1.9197,0.913,310.25,0.6292,275.43,23.4863
2001,1578.29,4484.44,885.77,270.99,24.4216,1.0687,1.3731,0.6072,287.46,0.5153,266.05,22.4024
2002,1559.48,4060.5,778.75,309.97,24.9695,1.7779,1.3566,0.6618,410.89,0.7515,236.03,25.1103
2003,1779.14,4894.9,827.7,363.51,28.8514,1.7509,1.4154,0.8145,476.7,1.0041,279.49,29.0795
2004,2865.88,8512.73,1047.75,409.21,38.3007,1.5498,1.774,0.793,499.28,1.2066,331.3,33.9691
2005,3678.88,7379.83,1381.31,444.84,54.4341,1.5381,2.5322,1.1145,450.56,1.3864,334.37,36.9477
2006,6722.13,8780.83,3275.29,604.34,65.3914,1.5919,2.5221,1.4893,508.3,1.9461,318.48,51.5693
2007,7118.23,14536.83,3242.36,696.72,72.6962,1.9523,2.7237,1.9092,816.69,2.1557,381.32,59.4935
2008,6955.88,18510.09,1874.71,871.71,97.6365,2.5771,3.0816,2.3209,1042.92,2.53,526.89,72.6649
2009,5149.74,13573.88,1655.11,972.97,61.8622,2.8888,3.1711,1.6442,741.15,1.8002,421.47,78.0091
2010,7534.78,20405.62,2160.74,1224.66,79.6356,3.133,4.3201,1.7359,933.02,3.3808,428.56,100.0
2011,8828.19,26053.67,2193.9,1569.21,110.94,2.9801,5.9761,2.4076,1193.37,4.519,484.81,136.27
2012,7962.35,21125.99,1950.41,1669.52,111.97,2.3919,4.111,2.2668,1043.4,3.1558,451.39,138.46
2013,7332.1,22282.8,1910.26,1411.46,108.86,2.4388,3.076,2.0759,870.73,2.5169,463.53,115.09
2014,6863.4,21898.87,2160.97,1265.58,98.9375,3.0622,4.4238,2.2165,837.47,1.7139,465.17,101.12
2015,5510.46,16066.63,1931.68,1160.66,52.37,3.135,3.5261,1.9412,663.39,1.3658,388.58,90.6373
2016,4867.9,17933.76,2089.97,1248.99,44.0475,2.8908,3.6111,1.9531,735.7,1.3811,387.41,97.4525
2017,6169.94,20061.17,2890.87,1257.56,54.3925,2.0294,3.3232,2.2255,750.81,1.6669,395.22,97.8425
2018,6529.8,20145.21,2922.38,1269.23,71.0717,2.2938,2.926,1.8693,638.66,1.3678,413.55,97.1728
2019,6010.15,18661.16,2550.41,1392.5,64.0317,2.3408,2.8798,1.6218,601.37,1.4104,391.92,105.44
2020,6173.77,17124.6,2266.45,1770.25,42.3,2.3699,3.3236,1.5159,751.77,1.3305,399.46,133.54
2021,9317.05,32384.15,3002.52,1799.63,70.4433,2.4265,4.5119,1.9812,1130.58,1.6793,414.22,140.17
2022,8822.37,31335.4,3481.38,1800.6,99.8242,2.393,5.6304,2.2851,1275.99,1.5431,368.94,136.8
2023,8490.29,25938.11,2652.6,1942.67,82.6162,3.2807,4.54,2.6268,886.45,1.3827,378.62,147.34
2024,9142.14,30066.27,2775.84,2387.7,80.6987,7.3296,5.6221,4.4143,963.37,1.7537,378.68,180.17
