Disease and scope,Period,Cases,Deaths
"Mpox, confirmed, DR Congo",June 2026,86,0
"Mpox, confirmed, DR Congo",8 June to 19 July 2026,30,0
"Mpox, confirmed, African region, 32 countries",1 January 2025 to 19 July 2026,51159,235
"Mpox, confirmed, world",1 January 2025 to 30 June 2026,63692,256
"Cholera, suspected and confirmed, DR Congo",1 January to 31 May 2026,28567,815
"Cholera, suspected and confirmed, DR Congo",May 2026,3651,82
"Circulating vaccine-derived poliovirus type 1, DR Congo",2025,1,—
"Circulating vaccine-derived poliovirus type 2, DR Congo",2025,—,—
"Measles, DR Congo",—,—,—
